rating,text,word_count,food,service,place,cost
5 sao,"quán rộng, thoáng. mấy bạn nhân viên dễ thương nhẹ nhàng, luôn chào khách. phục vụ nhanh nhẹn. ramen giá vừa, karaage chiên vừa đủ mọng nước siêu ngon",29,2,2,2,2
5 sao,"quán đẹp không gian sạch thoáng mát, nhân viên nhiệt tình đặc biệt các bạn bếp hô hào rất vui nhộn và chuyên nghiệp.",24,0,2,2,0
5 sao,"đồ ăn ngon , nhân viên thân thiện , không gian thì sạch sẽ có nhạc nữaa rất là nhật nhé",21,2,2,2,0
5 sao,"phục vụ nhiệt tình và dễ thương, đồ ăn bày trí đẹp mắt, sạch sẽ do không hợp đối với khẩu vị mình nhưng nhìn chung vẫn ổn, 5 sao vì phục vụ nhiệt tình",35,3,2,0,0
5 sao,"quán ăn sáng sủa, sạch sẽ, nhân viên nhiệt tình ,thân thiện, giá của mì tạm ổn không quá cao cũng không thấp. sợi mì dai, thơm, nước lèo đậm đà, béo, thơm. nói chung là ổn.",37,2,2,2,3
5 sao,"mình dùng bữa tối tại quán, không gian nhiều chỗ, nhân viên nhiệt tình, có nhiều loại ramen và udon để lựa chọn và có thể nhờ nhân viên tư vấn, vị mì ổn nhé",34,2,2,3,0
5 sao,"quán ngay mặt tiền đường dễ tìm. nhân viên thân thiện, dễ thưn lắm. chỉ tôi dùng sốt tận tình, món ăn vị vừa phải, không bị ngán. 8đ. giá cả cũng vừa phải.",34,2,2,0,2
5 sao,"các bạn nhân viên vui vẻ, nhiệt tình hỗ trợ, giải thích tất cả các món ăn, đồ ăn ngon, trải nhiệm tốt.",23,2,2,0,0
5 sao,"đồ ăn ngon, không qá mặn như mấy quán khác",10,2,0,0,0
5 sao,siêu ngon mà hay có ưu đãi nữa,9,2,0,0,0
5 sao,"tuyệt vời ! tô mì size lớn bự thiệt, cân nhắc kĩ 1ng chắc là không thể ăn hết",20,3,0,0,0
5 sao,"món ăn ngon vừa khẩu vị, không gian đẹp sáng sủa, mấy bạn nhân viên chuyên nghiệp và thân thiện",20,2,2,2,0
5 sao,"đồ ăn ngon, vừa vị, nhân viên hỗ trợ nhiệt tình",11,2,2,0,0
5 sao,"đồ ăn ngon, nhân viên thân thiện",7,2,2,0,0
5 sao,"đồ ăn ngon vừa miệng, nhân viên nhiệt tình",9,2,2,0,0
5 sao,"quán rộng rãi thoáng mát, nhân viên vui vẻ nhiệt tình lịch sự, udon bò ngon nhắm nè, ăn ở đây được 2 lần rùi và sẽ quay lại",30,2,2,2,0
5 sao,"đồ ăn ngon, quán xinh, mọi người đến thử nhé",10,2,0,2,0
5 sao,"mì ngon, các bạn nhân viên rất nhiệt tình ạ",10,2,2,0,0
5 sao,"nhà hàng sạch sẽ, phục vụ tận tình, thức ăn ngon",11,2,2,2,0
5 sao,lần đầu tiên đến ăn tại quán mà món ăn cực kì ngon làm cho mình có cảm giác ăn rất soan trọng.nhân vên tư vấn tên thuận rất nhiệt tình. lần sau sẽ tiếp tục đến ăn và giới thiệu cho bạn bè.,44,2,2,0,0
5 sao,"quán có bếp mở nhưng không bị ám mùi, phục vụ take care khách từ khi bước vào cửa cho đến lúc ra về luôn. đồ ăn ổn giá cũng rất hợp lý có phần nhỏ cho những bạn muốn ăn nhiều món để trải nghiệm.",46,3,2,2,2
5 sao,"quán rộng rãi, sạch sẽ, mát mẻ, nhân viên tận tình. udon chất lượng, ngon.",15,2,2,2,0
5 sao,"đồ ăn ngon, phục vụ tốt, không gian thoáng mát dễ chịu",12,2,2,2,0
5 sao,"đồ ăn siêu ngon, vừa miệng, trang trí đẹp mắt. dịch vụ nhiệt tình, thân thiện và không gian cũng thoảng mái",22,2,2,2,0
5 sao,đồ ăn ngon nhân viên nhiệt tình,7,2,2,0,0
5 sao,đồ ăn ngon nhân viên dễ thương lắm nhé,8,2,2,0,0
5 sao,"đồ ăn ngon, các bạn nhân viên nhiệt tình. lần sau sẽ ghé ăn tiếp",15,2,2,0,0
5 sao,"ngon, vị dễ ăn, nhân viên nhiệt tình",8,2,2,0,0
5 sao,"hihihi ngon quá i, mấy anh chị nhân viên dễ thương. thích ăn gà nhất",17,2,2,0,0
5 sao,"quán thoáng mát, rộng rãi, phục vụ nhanh. đồ ăn ngon vừa khẩu vị của mình nhé",17,2,2,2,0
5 sao,"đồ ăn ngon ,phục vụ nhiệt tình",7,2,2,0,0
5 sao,"mì undon ngon vừa miệng, có dịch vụ sinh nhật bất ngờ cho khách và tặng quà rất là cute ạ. cảm ơn quán nhìu ạ, mình sẽ quay lại lần nứa",32,0,2,0,0
4 sao,"nhà hàng phục vụ khá ổn, nhân viên dễ thương nhiệt tình. món ăn ngon hợp vị",17,2,2,0,0
5 sao,"đồ ăn ngon, nhân viên nhiệt tình thân thiện có không gian cho em bé chơi nữa. rất ổn luôn",20,2,2,2,0
5 sao,"đồ ăn ngon, quán đẹp, nhân viên nhiệt tình",9,2,2,2,0
5 sao,"đồ ăn siêu ngon, quầy nước nhiều loại, nhân viên tư vấn và phục vụ tận tâm rất nhiệt tình luôn, nhà hàng sạch sẽ máy lạnh mát, nói chung là quán rất ổn, sẽ ghé lần sau",38,0,2,2,0
5 sao,"mì ramen ngon, sợi mì dai không bị bở, nước dùng thơm và béo. nói chung là 10 điểm không có nhưng. mọi người tới trải nghiệm nhé.",28,2,0,0,0
5 sao,"bữa ăn rất ổn, mong quán sắp tới có thêm ghế ăn cho em bé để tiện hơn cho các gia đình có bé nhỏ",25,3,0,0,0
5 sao,"mì ở đây khá ngon, vị thanh và béo. nvien phục vụ nhiệt tình lắm á. rất đáng để thử nhen",22,2,2,0,0
5 sao,"nhân viên dễ thương take care tốt , ramen ngon nhé",12,2,2,0,0
5 sao,"không gian rộng rãi, quán mới mở nên lượng khách chưa đông như chi nhánh khác, nhân viên lịch sự, tận tâm, che dù cho khách khi trời mưa, đồ ăn ngon, sạch sẽ.",34,2,2,2,0
5 sao,đồ ăn ngon. nên thử,5,2,0,0,0
5 sao,đồ ăn ngon phục vụ nhiệt tình,7,2,2,0,0
4 sao,"quán máy lạnh mát mẻ, mì nêm nước hơi bị mặn, thịt ngon.",13,1,0,2,0
5 sao,"đồ ăn nhìn hấp dẫn, nước dùng ngon, nhân viên dễ thương, nhiệt tình.",14,2,2,0,0
5 sao,"mì ngon xỉu, nhân viên dễ thương, có khu vực chơi mini cho bé",15,2,2,2,0
5 sao,"đồ ăn ngon, nhân viên dễ thương",7,2,2,0,0
5 sao,"quán mì ramen udon có hương vị khá chuẩn nhật, nước dùng thơm và sợi mì dai. menu đa dạng, có nhiều lựa chọn từ ramen đến udon và các món ăn kèm. không gian quán thường được trang trí theo phong cách nhật, tạo cảm giác ấm cúng.",49,2,0,2,0
5 sao,"mọi thứ đều ổn, vị khá ngon, dịch vụ tốt",10,2,2,0,0
5 sao,"đồ ăn ổn, có khuyến mãi đi t2 tới t5 ramen có 99 vnd mọi người nên đi thử ramen nhiều ăn no nhé ae",25,3,0,0,2
5 sao,"mì ramen ngon , cọng mì thơm, nước dùng béo béo nhẹ không bị ngán, đặc biệt trứng rất thơm không bị tanh, nhân viên phục vụ nhiệt tình, dễ thương, lịch sự, không gian sạch sẽ.100. sẽ ủng hộ quán dài lâu",43,2,2,2,0
5 sao,món ăn hợp khẩu vị chuẩn mì nhật thích gợp đi ăn bới bạn bè và gia dình,18,2,0,0,0
5 sao,"nhạc quán bật chill, không gian rộng rãi các bạn nhân viên rất dễ thương, chu đáo. lần này mình mới thử udon thôi lần sau sẽ thử tiếp ramen",30,0,2,2,0
5 sao,đồ ăn ngon nhân viên dễ thương,7,2,2,0,0
5 sao,"quán sạch sẽ thoáng , view đẹp ramen ngon , thịt mềm , nêm nếm vừa miệng sẽ quay lại nhiều lần",22,2,0,2,0
5 sao,"đồ ăn ngon, phục vụ dễ thương",7,2,2,0,0
3 sao,"đồ ăn ổn nè, quán đẹp và sạch sẽ, mỗi tội sao xe tôi bị bảo vệ gác chân trong khi ngồi ngay bên cạnh nên không vui chút hehe",30,3,1,2,0
5 sao,"đồ ăn sạch sẽ, không gian thoáng mát, chú bảo vệ cực kì dễ thương luôn, nhân viên phục vụ ổn",21,2,2,2,0
5 sao,"nhân viên phục vụ tốt với nhiệt tình lắm, còn recommend cho mình nữa. ramen ngon, nên thử nếu có dịp nhé",22,2,2,0,0
5 sao,"đồ ăn ngon, khẩu phần nhiều, giá hợp lý, sạch sẽ, nhân viên thân thiện, lên món nhanh",18,2,2,2,2
5 sao,"không gian thoáng mát, đồ ăn hợp vị, các bạn nhân viên nhiệt tình",15,2,2,2,0
5 sao,"mì dai ngon, nước dùng vừa ăn. quán sạch sẽ, thoáng mát",12,2,0,2,0
5 sao,đồ ăn ngon nhân viên lễ phép,7,2,2,0,0
5 sao,giá rẻ ngon không gian xịn đẹp nhân viên nhiệt tình,11,2,2,2,2
5 sao,"quán sạch sẽ, gọn gàng, nhân viên phục vụ chu đáo, tích cực, món ăn lên nhanh nhẹn, rất ngon.",20,2,2,2,0
5 sao,"quán rộng rãi,mát mẻ udon rất ngon nước mì rất thanh cơm bò rất ngon không tanh bò",18,2,0,2,0
5 sao,"đồ ăn ngon, trình bày đẹp mắt",7,2,0,0,0
5 sao,đồ ăn ngon vừa vị rất hợp ý mình,9,2,0,0,0
1 sao,cái tô thiết kế rất khờ. khó ăn và hơi nóng phả vào mặt khi ăn. nhân viên chỉ nói nó to thôi chứ thực tế cái tô rất rất to,33,1,3,0,0
5 sao,"lần đầu tiên ăn nên tháy món ăn cũng vừa miệng. phục vụ thì rất tốt, nhiệt tình thân thiện.",20,3,2,0,0
5 sao,"đồ ăn ngon, món ra nhanh",6,2,2,0,0
5 sao,"đồ ăn ngon, nhân viên nhiệt tình 10 đỉm",9,2,2,0,0
2 sao,"quán ramen, h ăn trưa 11h-13h mà bếp không chuẩn bị nguyên liệu báo hết sợi mì ramen dù quán không hề đông. cầm xem lại hoạt động cung ứng",30,0,1,0,0
5 sao,hôm nay trời mưa mình đi ăn thử quán. quán khá sạch sẽ mì cũng rất ngon nhé. sẽ ủng hộ thêm nữa,23,2,0,2,0
5 sao,"nước dùng có vẻ hơi mặn, còn lại thì ổn. phục vụ nhiệt tình, sạch sẽ, fill nước thoải mái",21,1,2,2,0
5 sao,"món ăn ngon, không gian rộng rãi sạch sẽ, phục vụ nhiệt tình dễ thương",14,2,2,2,0
5 sao,nhân viên take care ổn quán thoáng mát đồ ăn và quầy line bày trí ổn,16,2,2,2,0
5 sao,"nhân viên dễ thương , nhiệt tình , đồ ăn ngon vừa vị",13,2,2,0,0
5 sao,"ngon quá trời , muốn ăn một ngày 100 tô .",11,2,0,0,0
5 sao,"quán ăn rộng rãi, đẹp. món ăn ngon. giá cả phải chăng",12,2,0,2,2
5 sao,chổ này ăn ngon. nên thử 1 lần,8,2,0,0,0
5 sao,"món ăn ngon, nhân viên chuyên nghiệp, không gian rộng rãi, sạch sẽ",13,2,2,2,0
5 sao,"quán sạch sẽ. line đồ ăn kèm cũng nhiều lựa chọn. mình đi với bạn gọi 1 ramen và 1 udon. udon mình thấy mì tươi ngon, nước dùng thanh, mình khá thích. ramen bạn mình không thích lắm vì nước dùng không hợp khẩu vị và sợi mì không dai. mình hơi không thích cách bạn phục vụ tư vấn cho lắm vì có hơi chen kiểu như giành nói cho xong cái phần giới thiệu món, tuy nhiên đó là quan điểm cá nhân mình thôi vì bạn cũng rất lịch sự.",94,1,1,2,0
5 sao,"ramen đậm đà, thơm mùi nước dùng. hợp khẩu vị của mình.",12,2,0,0,0
5 sao,"nhân viên thân thiện, vui vẻ và nhiệt tình món ăn ngon nhà hàng mát mẻ không khí thoải mái, vui nhộn trang thiết bị nhà hàng rất tốt",29,2,2,2,0
5 sao,"các bạn nhân viên nhiệt huyết và dễ thương cực nhé, chăm sóc khách kỹ. đồ ăn mình thấy cũng được, giá cả ổn.",24,3,2,0,3
5 sao,"quán ăn ngon, giá hợp lý và phục vụ nhiệt tình",11,2,2,0,2
5 sao,"khuôn viên rộng rãi thoáng mát, món ăn chất lượng nhân viên nhiệt tình dễ mến",16,2,2,2,0
5 sao,"ngon, các bạn nhân viên dễ thương, không gian rộng thoáng",11,2,2,2,0
5 sao,"quán ăn ngon, nhân viên nhiệt tình",7,2,2,0,0
5 sao,"mì udon bò trứng siêu ngon, nhân viên thân thiện, quán ở khá trung tâm nên đã quay lại lần 2",21,2,2,0,0
5 sao,"đồ ăn ngon, vừa miệng, dịch vụ thân thiện",9,2,2,0,0
5 sao,ăn thử thui nhma không ngờ quán làm ngon thiệt mốt sẽ qlai nhé,14,2,0,0,0
5 sao,"bữa ăn rất ngon, phục vụ tận tình",8,2,2,0,0
5 sao,món ăn ngon nhân viên phục vụ nhiệt tình,9,2,2,0,0
5 sao,"lần đầu ăn mì nhật tại kohaku phan văn trị và. mê luôn từ sợi đầu tiên! mình mới ghé kohaku chi nhánh phan văn trị ăn thử ramen, không ngờ lại ưng cái bụng dữ thần luôn! gọi một tô ramen tonkotsu, nước dùng đậm đà đúng chuẩn nhật, thơm mùi xương hầm, béo mà không bị ngấy, húp phát là tỉnh ngủ liền á . sợi mì thì dai ngon, không bở, ăn vô cảm giác đã miệng lắm. topping cũng chất lượng: thịt xá xíu mềm rụp, thấm vị, thơm nức mũi, trứng lòng đào béo béo, vừa tới độ ăn mà phê tới nóc. không gian kohaku phan văn trị ấm cúng, sạch sẽ, ngồi ăn thoải mái, không bị ồn, thích hợp đi nhóm hay đi một mình đều ổn. nhân viên thì siêu dễ thương, chào hỏi lễ phép, phục vụ nhanh nhẹn và thân thiện. các bạn hô tiếng nhật liên tục, tạo không khí rất chuyên nghiệp. nói thiệt là ăn xong mà cứ thòm thèm, chắc chắn sẽ quay lại lần nữa để thử thêm mấy món khác trong menu. bạn nào mê món nhật hoặc đang kiếm quán mì ramen chất lượng thì mạnh dạn ghé kohaku phan văn trị nhé, đáng tiền lắm luôn!",219,2,2,2,0
5 sao,"đồ ăn ngon, service tốt ạ",6,2,2,0,0
5 sao,"nhân viện dễ thương, các món ramen ngon đặc biệt là rayu soboro",13,2,2,0,0
5 sao,"ngon, nhân viên tận tâm, không gian quán thoáng mát, có vibe nhật",13,2,2,2,0
5 sao,"đồ ăn ngon, không gian rộng rãi. nên trải nghiệm",10,2,0,2,0
5 sao,"đồ ăn ngon, quán sạch sẽ.",6,2,0,2,0
5 sao,"ngon,đậm đà,nước sốt béo,nhân viên tận tình,quán chill,có máy lạnh,nhạc",10,2,2,2,0
5 sao,"nhân viên thân thiện, vui vẻ và nhiệt tình món ăn ngon nhà hàng mát mẻ không khí thoải mái, vui nhộn trang thiết bị nhà hàng rất tiện nghi và hướng dẫn rất kĩ lưỡng để sử dụng rất hài lòng và sẽ giới thiệu người thân, bạn bè đến ủng hộ.",53,2,2,2,0
5 sao,"nhân viên nhiệt tình, món ăn ngon!",7,2,2,0,0
5 sao,"đồ ăn ngon, nhân viên phục vụ nhiệt tình, dễ thương",11,2,2,0,0
5 sao,"nhân viên phục vụ nhiệt tình, đồ ăn lên nhanh. món ăn okee giá hợp lý",16,3,2,0,2
5 sao,đồ ăn ngon lắm ạ,5,2,0,0,0
5 sao,"đồ ăn ngon, nhân viên nhiệt tình, dễ thương, không gian rộng rãi, có máy lạnh",16,2,2,2,0
5 sao,"sạch sẽ, thơm, đồ ăn ngon, nhân viên nhiệt tình",10,2,2,2,0
5 sao,"ngon miệng, sạch sẽ, nhân viên nhiệt tình",8,2,2,2,0
5 sao,"đồ ăn ngon, nhân viên nhiệt tình, nền nhạc chill nhẹ nhàn tạo cảm giác rất thoải mái khi ăn",20,2,0,2,0
5 sao,"đồ ăn rất ngon,nhân viên chu đáo,quán đẹp",8,2,2,2,0
4 sao,"ban đầu ghé quán cũng không kỳ vọng gì nhiều, kiểu đi cho có thôi chứ chưa biết ăn món nào. ai dè bất ngờ ghê, món nào mang ra cũng ngon hết, nêm nếm hợp khẩu vị, mà phần ăn thì quá trời nhiều. ăn xong vừa no vừa thích, chắc chắn sẽ có ngày quay lại nữa cho thỏa lòng.",62,2,0,0,0
5 sao,"quá ngon luôn, khẩu vị rất phù hợp với đa số các bạn, mình dẫn bạn mình đi ăn mà tụi nó khen quá tr luôn",26,2,0,0,0
5 sao,quán ăn ngon lắm ạ. vô tình đặc trên app xong ghiền luon hay lại quán ăn. không gian tương đối ổn. nhân viên dễ thương đồ ăn cũng nhanh không phải đợi lâu ạ,35,2,2,3,0
4 sao,mì ngon hợp khẩu vị giá cả cũng hợp lý nữa. mấy bạn nhân viên thấy cũng nhiệt tình mà có đều không gian hơi nhỏ. mấy cái ly uống nước trên bàn của khách hơi dơ xíu thôi. trà sữa ngon ổn,43,2,2,1,2
2 sao,"trưa nay 622026 mình có ghé cửa hàng dùng bữa , ấn tượng đầu tiên mình hài lòng và thái độ phục vụ bạn nam nhân viên order và tư vấn món cho bọn mình khá nhiệt tình , dễ thương . điểm cộng là 2 món này - cơm bò khá ngon vừa miệng - canh rong biển vừa ăn còn điểm trừ 0đ cho 2 món này - xúc xích chiên cháy như hình mà bếp vẫn ra món được , xuất sắc tiêu chuẩn bếp ăn luôn - mì tương đen thì sợi mì nở phải gọi là nhũn khi bọn mình gắp lên là đứt luôn , nhân viên bếp lên giải thích tiêu chuẩn món phải nhũn như thế ? mình chấm hỏi , nhũn như thế rồi sao trộn lên thì nát chư cháo hay sao ? hình ảnh món chưa kịp chụp do món ra cuối và nhìn là khó chịu luôn nên đã gọi nhân viên để xử lý. - gà cay phô mai mà mình tưởng đâu cà ri gà phô mai , có thể do tiêu chuẩn món của quán như thế , gà chưa được chiên và phủ phô mai lên kèm sốt nóng xung quanh , nhiều bạn đã ăn gà cay phô mai thì nhìn đĩa gà nuốt không trôi . về vệ sinh và không khí thì mình cũng không đánh giá cao vì nhìn sơ cũng hơi cũ , sàn quán khá nhiều tóc rụng quanh cả gầm bàn bệt . đây là trải nghiệm thực tế của mình khi đã dùng các món tương tự với vị tiêu chuẩn các bran lớn nhỏ hay vỉa hè . không hài lòng với tiêu chuẩn 3 món trên .",295,1,2,1,0
1 sao,"mì cay dở kinh, chỉ có vị mặn chứ không có vị gì hết. gà cay thì bở, gà cay phô mai mà không có phô mai. đồ ăn thì có thể do tùy khẩu vị đi nhưng thái độ nhân viên không thể chấp nhận được, bạn nhân viên nam đeo mắt kính làm sáng trưa thứ 3 ngày 131 thái độ với khách, khách hỏi không thèm trả lời, hỏi có cái menu thôi mà cũng cọc cho được, tệ, chắc chắn không quay lại",87,1,1,0,0
1 sao,"mình gọi mì bò nhưng cũng tạm thôi không ngon lắm, sốt chấm tệ, phần gà cay phô mai ăn vào chỉ nghe mùi dầu quá dở, nhân viên thấy khách vào nhưng không ra hướng dẫn chỗ để xe lúc mình vào có 2 xe chặn ở ngoài không vào để xe được nhân viên nhăn mặt thái độ hời hợt. lần đầu cũng như lần cuối",68,1,1,0,0
5 sao,"mì ở đây ngon, hợp khẩu vị với mình, siêu recommend các bạn đến ăn thử",16,2,0,0,0
5 sao,"quán ruột 2-3 năm của mk rồi, hợp khẩu vị ngon giá rẻ",13,2,0,0,2
2 sao,"đồ ăn không ngon không khác gì nặn nguyên 1 quả chanh vào het, có hộp khăn giấy mà không có giấy đũa muỗng thì thiếu",26,1,0,0,0
1 sao,"đồ ăn lên lâu, không ngon, thái độ nhân viên khá hời hợt, bị đơ đơ bàn vào sau thì có món trước, tô cơm đợi lâu vô cùng",29,1,1,0,0
5 sao,"cơm cá ngừ siêu ngon, đồ ăn ngon, giá cả hợp lý thích hợp với các bạn sinh viên. mình ăn nhiều lần rồi, sẽ quay lại đặt tiếp",29,2,0,0,2
5 sao,vô quán với tâm thế không hy vọng lắm vì không biết ăn gì nên đi đại. nhưng bất ngờ vãi vì món nào cũng ngon và khẩu phần rất nhiều luôn nhé. chắc chắn sẽ quay lại,39,2,0,0,0
5 sao,"ăn chắc trên chục lần, vị cay đúng ý mình thích, không quán nào có được vị cay như thế!",20,2,0,0,0
1 sao,"lên món chậm, xót món của khách mặt dù lúc đó khách không đông lắm, thái độ nhân viên hời hợt.",21,0,1,0,0
5 sao,đồ ăn ngon là quán ruột luon đó. rất hay lại quán ăn nếu rảnh còn không thì đặc về nhà ăn quán hợp khẩu vị riêng đối với mình nói chung ngon nhé,34,2,0,0,0
5 sao,"mình đã đặt, ăn tại chỗ nhiều lần với chất lượng hiện tại tương lai mình vẫn còn quay lại nhiều lần. giá rẻ, chất lượng xứng đáng với giá tiền. rất recommend ạ.",34,2,0,0,2
5 sao,"nhân viên phục vụ nhiệt tình, khi quán chưa đông thì bạn gọi món là tương đối nhanh, có hỏi món để đáp ứng khẩu vị cay hơn ít cay hơn là hay.",33,0,2,0,0
3 sao,"tốt: -quán sạch, mát, chỗ ngồi thoải mái - đồ ăn rẻ, vị cũng được, cũng giống các chỗ khác thôi nhưng giá mềm hơn phù hợp học sinh-sinh viên chưa tốt: - nhân viên phục vụ còn hời hợt, không đem bình nước lọc cho bàn mình dù những bàn khác khách có gọi nước hay không đều có",60,3,1,2,2
3 sao,quán nói chung là cũng được anh cũng vừa miệng giá thì cũng ổn cũng không có gì để nói,20,3,0,0,3
5 sao,"giá các món chính như mì, cơm, tokbokki đều trong khoảng hợp lý với sinh viên; mình không phải lo giá trên trời mà vẫn ngon.",26,2,0,0,2
5 sao,"đồ ăn ngon, giá cả hợp lý lắm ạ, sẽ luôn ủng hộ quán",14,2,0,0,2
5 sao,"quán gần nhà, ăn cũng gần 10 năm rồi á lâu lắm ùi , zô quán ăn thấy thoải mái mà hoài niệm lắm, mì cay thì khỏi bàn ạ vúyp",31,2,0,2,0
5 sao,"đồ ăn ngon, phục vụ nhiệt tình, món lên nhanh, sẽ quay lại lần sau 10",16,2,2,0,0
1 sao,"quán để khách chờ lâu không quan tâm đến khách, lúc dọn bàn nhân viên đổ ly nước mà khách cũ dùng rồi để lại cho khách mới dùng tiếp rất mất vệ sinh",34,0,1,1,0
5 sao,"các combo giá phù hợp cho sinh viên lắm nho, vị nước dùng của mì kay theo mình thì hơi nhạt. mì tương đen không bị đắng nè. súp cũng ổn luôn. cơm mayo đợt lần đầu mình đi thì ngon lắm, mà lần sau mình đi thì lại thấy không ngon bằng lần đầu.",57,1,0,0,2
5 sao,"khi order tokbokki mì cay đầy hải sản, phần topping hải sản khá nhiều: có tôm, mực, vừa ăn, không cảm giác bỏ rơi topping như những quán khác.",29,2,0,0,0
5 sao,"ăn từ thời sinh viên tới giờ, ngon, chất lượng không đổi, giá rẻ mà phục vụ dễ thương nữa",20,2,2,0,2
5 sao,"món tokbokki của quán có độ dai vừa tới, sốt cay nhẹ vừa miệng chứ không gắt, chấm nước tương hay sốt riêng thì ngon, đáng thử.",27,2,0,0,0
5 sao,"mì khá ngon, giá cả hợp lý, mình hay gọi mì cấp 0 nó không cay tí nào, chứ không như mấy quán khác",24,2,0,0,2
2 sao,"theo mình thì vị mỳ cay rất bình thường không ngon, trong tô mỳ của mình có kiến, thử 1 lần thôi sẽ không quay lại",26,1,0,0,0
5 sao,"mì cay 45 vnd thịt bò rất nhiều vị nhạt ăn tạm, nước vải 25 vnd ngon lắm điểm là không dùng đường hoá học uống vừa vị ngon nhé được 3 trái vải to đùng",35,3,0,0,0
5 sao,"lần đầu đặt tưởng không ngon mà ngon không tưởng. topping nhiều, nước dùng ngon, mì dai dai, ăn cuốn lắm! 1 quán ăn vào yêu thích",27,2,0,0,0
5 sao,"tổng thể trải nghiệm của mình là: ngon bổ rẻ, nếu quán cải thiện được việc lên món nhanh hơn lúc đông thì sẽ là điểm đến yêu thích lâu dài.",33,2,1,0,2
1 sao,"nhân viên phục vụ hời hợt, đồ ăn lên trễ, ăn thì vị thấy vọng rất nhiều. đi lần đầu sẽ không có lần hai. tô cho khách còn bị mẻ nữa. chịu quán !",35,1,1,0,0
1 sao,"xe và áo mình để ngoài mưa nhân viên cũng không kiểm soát luôn đồ ăn thì rất dở theo khẩu vị mình, bỏ qua vấn đề đồ ăn, mình đi 2 người 2 nón 1 áo trong khi đó nhân viên chỉ đem đúng 1 nón vô cất?",49,1,1,0,0
5 sao,"ngon, vừa túi tiền, khẩu vị theo người việt nên dễ ăn hơn đại đa số quán đồ hàn khác.",20,2,0,0,2
5 sao,"quán ngon , phúc vụ nhiệt tình , 10 điểm ạ , sẽ ghé quán thêm nhìu lần nựa",20,2,2,0,0
5 sao,"không gian sạch sẽ, có máy lạnh, bàn ghế gọn gàng, ánh sáng vừa đủ nên thích hợp để ăn trưa hoặc tối nhẹ nhàng.",25,0,0,2,0
5 sao,"đồ ăn ngon lắm ạ, nhân viên nhiệt tình lắm luôn",11,2,2,0,0
5 sao,"nhân viên nhiệt tình , dễ thương , thân thiện , cute , đồ ăn ngon , phục vụ ổn",20,2,2,0,0
5 sao,"cơm cá ngừ thì mình rất thích: cá ngừ kho mềm, hơi hơi ngọt, ăn với cơm trắng nóng, có canh rong biển kèm, rất hợp khẩu vị.",28,2,0,0,0
5 sao,"nhân viên cute tốt bụng xinh gái đẹp trai , đồ ăn ngon tiệt zời",15,2,2,0,0
5 sao,"quán mở tới tối muộn, nếu muốn ăn khuya thì vẫn còn; mình ăn sau 8 giờ vẫn thoải mái đặt món.",22,0,0,0,0
1 sao,"cơm lên chậm đợi hơn 30p , thái độ nhân viên hời hợt, chưa ăn xong đã lên đưa bill mã qr tính tiền",25,0,1,0,0
5 sao,"đã từng ăn mì cay ở quán này, rất ngon. vị đậm đà . fan cứng của quán",18,2,0,0,0
5 sao,"canh rong biển kèm theo cơm rất đáng giá: nước canh trong, vị hơi mặn mặn thanh tao, giúp giải phần nào độ cay của món chính.",27,2,0,0,0
5 sao,"đồ ăn rất hợp khẩu vị mình, sốt chấm ngon, giá cả hợp lý.",14,2,0,0,2
4 sao,"hơi nóng , hơi lạt vị, nếu so với sasin thì không hấp dẫn bằng.nhưng thời gian món lên nhanh",20,1,2,1,0
5 sao,"mỳ cay ngon, toping nhìu mua mang về hay đặt trên app cx ngon hết ấy",16,2,0,0,0
4 sao,"đồ ăn ngon vừa, cũng đa dạng món, nhân viên khá lịch sự, tuy nhiên, để xe hơi chật xíu nhé.",21,2,2,0,0
5 sao,"mình đi nhóm bạn ra mắt đều khen decor quán dễ thương, cảm giác giống quán hàn nhỏ xinh, hợp để chụp hình sống ảo.",25,0,0,2,0
5 sao,"món gì cũng hợp vị mình, không gian quán dễ chịu, giá cả sinh viên, yêu quán",17,2,0,2,2
2 sao,"dở, đồ ăn đợi rất lâu",6,1,1,0,0
5 sao,đồ ăn ở đây ngon. mình đã ăn ở đây và đặt giao hàng rất nhiều lần,16,2,0,0,0
5 sao,"đồ ăn 1010, nhân viên phục vụ rất nhiệt tình và dễ thương dù quán có đông, sẽ ghé lại nhiều lần",22,0,2,0,0
5 sao,"âm nhạc nhẹ nhàng, không quá lớn, phù hợp để trò chuyện; mình đi ăn với hội bạn mình vừa ăn vừa nói chuyện thoải mái.",26,0,0,2,0
1 sao,"bẩn,nhiều người chê đồ ăn bẩn mà bọn nó không quan tâm, giá thì cũng không rẻ gì mà chất lượng tệ",22,1,1,0,1
5 sao,đã trải nghiệm ở quán và đặt trên app.rất ngon lunn,11,2,0,0,0
5 sao,"đẳng cấp, 5sao, đỉnh cao, hoàn mỹ, đỉnh nóc. nói chứ e ăn đây hoài, ngon thiệc",18,2,0,0,0
5 sao,"quán có chỗ ngồi, máy lạnh, cơm cá ngừ siêu ngon",11,2,0,2,0
5 sao,"mình đã ăn ở đây rất nhiều lần và cảm thấy rất ngon và hợp khẩu vị với mình. nhân viên phục vụ tận tình và chu đáo, mọi người hãy tới và trải nghiệm.",35,2,2,0,0
1 sao,"trải nghiệm cực kì tệ. phục vụ quá kém, mình kêu combo 3 nhưng đợi gần 30p chưa có món, khách vào sau thì được lên món trước, lúc mang đồ ăn ra thì bảo bên em hết gà cay phô mai, quán đổi qua bánh gạo được không thì mình thẳng thừng từ chối vì lúc gọi món mình có ý đổi trà tắc qua sữa tươi nhưng quán không cho. đồ ăn mì cay hải sản quá dở tệ.",83,1,1,0,0
2 sao,"mới đi ăn hôm chủ nhật vừa rồi thì công tâm mà nói là không ngon nhé. nước dùng khá nhạt nhẽo, nêm nếm thì không có vị mặn hay ngọt gì hết, chỉ được có vị cay thôi đó. khu vực ngồi ăn dơ lắm nhé, dưới gầm bàn bụi và rác ối zồi ôi luôn. tôm còn không tươi nữa, được cái là topping nhiều thôi à.",69,1,0,1,0
5 sao,"quán ăn ổn nhé, giá ổn hợp với hssv",9,3,0,0,3
5 sao,"quán mì cay nhỏ, giá sinh viên, ngoài mì cay còn có các món cơm bò, cơm cá ngừ, xin review ngắn ngọn, cảm ơn bạn quán ổn đồ ăn chất lượng lần sau sẽ ghé",36,2,0,0,2
2 sao,"đồ ăn lên rất lâu, chưa ăn xong mà đã đưa bill tính tiền",14,0,1,0,0
5 sao,"phục vụ mì cay và các món hàn quốc hấp dẫn với hương vị đậm đà, nguyên liệu tươi ngon. thực đơn đa dạng gồm tokbokki, kimbap, lẩu kim chi không gian sạch sẽ, thoáng mát, nhân viên thân thiện. giá cả hợp lý, phù hợp học sinh, sinh viên và gia đình.",53,2,2,2,2
5 sao,đồ ăn và dịch vụ ngon và rât hài lòng nhé,11,2,2,0,0
5 sao,"mì cay ngon nước dùng đậm đà. giá thành cũng rẻ phù hợp cho học sinh và sinh viên. nhân viên nhanh nhẹn mỗi lần cần gì gọi là sẽ có nhân viên chạy tới, mặc dù khách khá đông. tuyệt vời!",42,2,2,0,2
4 sao,"buffet số lượng món cũng khá nhiều nhưng cảm giác chỉ có một số món hấp dẫn và tươi như sashimi, cá mú, một số loại ốc và cua, còn lại nặng về gia vị hoặc món chiên xào nặng bụng, nước chấm cũng khá chán. mình thấy giá tầm 520 vnd một người hơi cao so với chất lượng, ngoài ra nước uống tính riêng, tráng miệng cũng ít món. không gian thì sạch sẽ và cũng tương đối rộng rãi.",81,1,0,2,1
4 sao,"quán nằm ở l4 mình ăn cuối tuần giá gần 600 vnd vé. trẻ con dưới 1m2 miễn phí. ăn hải sản, đồ nướng khá ngon hợp khẩu vị trừ sushi và sashimi. quán không gian rộng rãi nhiều chỗ ngồi. dịch vụ nhân viên tận tình ổn. tráng miệng móm kem ngon",52,2,2,2,0
5 sao,"đồ ăn tươi giá cả tốt, ổn lắm nhé, dắt người thân đi cuối tuần là ổn. cua ghẹ tươi tốt. nhiều loại ốc, sashimi tươi ngon.",27,2,0,0,2
1 sao,"điểm trừ lớn nhất là một hệ thống lớn như vậy lại không có thanh toán tín dụng hay apple pay, quá chi là cổ hủ lạc hậu vé thường 1 người 563 vnd nhưng không có nước suối, phải mua riêng 1 chai 27 vnd quá mắc đồ ăn đa dạng, ăn cũng ổn chứ không phải là quá ngon, ghẹ có cả đông lạnh, ăn 3 con bị dính 1 con đông lạnh còn lại mọi thứ đều ổn",79,3,0,0,1
2 sao,"thức ăn tôm cua mọi thứ đều ngon, ngoại trừ ốc hương toàn cát, thái độ nhân viên thì quá tệ, hỏi trả lời cọc cằn không thèm nhìn mặt khách",31,1,1,0,0
5 sao,"must try cho ai lần đầu trải nghiệm buffet giống mình mình đi vào tối t5 lúc 6h, không đông lắm. tổng quan các món cua, ghẹ, sò ốc tươi và chắc thịt; gia vị và nước sốt ăn chung nhà hàng làm rất hợp khẩu vị mình như ốc len xào dừa, hàu phô mai, ngao sốt thái. thịt bò cũng rất ngon. các bạn nhân viên phục vụ cũng nhiệt tình. ai đang phân vân thì nên thử nhé !",82,2,2,0,0
2 sao,"giá buffet cao, thuộc hạng cao cấp món chủ yếu là cua ghẹ và tôm, nhưng điều đáng nói là nó không được tươi lắm, hương vị cũng ở mức trung bình các món còn lại hầu hết cảm giác như có cho đủ món, hương vị các món bình thường có món khá tệ, nước tính riêng, buffet không có trà hoặc cà phê",65,3,0,0,1
2 sao,"không tính bằng thẻ , 23 âm chưa tết phụ thu, nuớc uốg tính riêng . thuế riêng. ăn dmarid cửu vân long ổn hơn, cua ốp, it món đi btrua",31,1,0,0,1
4 sao,"gia đình mình đi 6 người , trong đó có 2 bé 7t cao 1m3 và 9t cao 1m35 , do 2 bé nhà mình kén ăn nên ốm nhỏ xíu , cụ già 75t vẫn tính đủ 6vé như người lớn .thiết nghĩ nên du di người lớn tuổi và 2trẻ em nhỏ trong 1 đoàn , 2 bé và bà ngoại nhà mình sức ăn không bằng 1 người thanh niên, vẫn tính 3 người lớn thì thiệt cho khách quá , hic",85,0,0,0,1
5 sao,đồ ăn hải sản tươi sống. giá có tăng thêm nhưng đổi lại chất lượng đồ ăn ngon . các bạn nhân viên phục vụ nhiệt tình. recomend mọi người tới ăn,32,2,2,0,3
1 sao,"mọi người ơi ai chưa đi thì đừng đi nhé, t với bồ t ăn xong về ngộ độc. bồ t bị nặng hơn t, nôn thốc nôn tháo xong còn bắn pháo bông. t nghi là món phở, vì lúc ăn thấy vị chua kì kì á",47,1,0,0,0
4 sao,mọi thứ chỉnh chu theo hệ thống .nhưng chi tiết ở mức bình thường nhất. kg quá xuất sắc.hình như poseidon và cửu vân long là 1 hay sao á.nhìn chung chấp nhận được .,35,3,0,0,0
3 sao,"cho 3 sao là hỉ xả, cơ sở lớn không cho dùng visa hay applepay còn thua cả cái bhx, nghe không dùng applepay nhảy đỏng khinh khỉnh đồ ăn không đa dạng như cvl mà giá ngang thậm chí cao hơn, ghẹ cua bé tí ốp xộp cá hồi cá trích xắt dày ăn muốn mắc nghẹn lẩu nấu sẵn dở òm",63,1,1,0,1
1 sao,3 điểm trừ là 1 em bé 7 tuổi tính giá người lớn . 2 không nghĩ là 1 chuỗi hệ thống mà lại không có nổi 1 máy cà thẻ ! 3 vé buffet cho 1 người lớn chưa bao gồm nước uống mà giá như vậy thì chắc chắn sẽ gây ít nhiều so sánh sánh !,59,0,0,0,1
1 sao,"giá lên quá cao tiền ăn và nước ngọt luôn là 650 vnd1 người mà đồ ăn không ngon, nghêu đầy cát, lẫu không nấu tại chỗ mà đợi nấu sẵn múc ra tô nhỏ xíu, đem về bàn là nguội lạnh làm đồ ăn trong lẫu tanh, mấy món khác cũng không ngon như lúc đầu, làm theo kiểu thị trường quá. quá tệ, mọi người nên cân nhắc khi bỏ số tiền mà chỉ được như vậy",78,1,0,0,1
5 sao,"đồ ăn ngon, nhiều chỗ ngồi, rộng rãi, nhân viên đông, nhiệt tình",13,2,2,2,0
1 sao,"ăn 1 lần nghỉ luôn. 3ng 2tr nhưng mà không như quảng cáo. đồ ăn nguội ngắt không ngon, phở bắc mà vị nhạt thếch, sợi phở thiu chua như để lâu ngày. ăn xong về 30p tào tháo rượt ;",41,1,0,0,0
5 sao,"đồ ăn ngon , giá tăng so với trước nhưng mà có thêm nhiều món , cua ghẹ chắc thịt phục vụ nhanh nhẹn nhiệt tình dễ thương nữa",29,2,2,0,3
