place_name,user,rating,time,text,source_file,clean_text,word_count,food,service,place,price
Bún quậy Kiến - Xây Rạch Giá,Trần Thị Hồng Anh (Hồng Anh),5.0,Thời gian chỉnh sửa: 2 năm trước,"Vị trí thuận tiện đậu ô tô được, sạch, không gian  lạnh, tụ gọi món tại quầy
Nước chấm tự pha tại quầy.
Ai k ăn được bột ngọt nên để 1 muỗng canh đường, 1/4 muỗng muối + 4 trái tắt là …",google_maps_reviews_20260514_020235.csv,vị trí thuận tiện đậu ô tô được sạch không gian lạnh tụ gọi món tại quầy nước chấm tự pha tại quầy ai k ăn được bột ngọt nên để muỗng canh đường muỗng muối trái tắt là,39,3,3,2,0
Bún quậy Kiến - Xây Rạch Giá,Linh Châu,5.0,7 tháng trước,"Bún ngon, phục vụ nhiệt tình, không gian đẹp",google_maps_reviews_20260514_020235.csv,bún ngon phục vụ nhiệt tình không gian đẹp,9,2,2,2,0
Bún quậy Kiến - Xây Rạch Giá,Hoài Đặng Hữu,5.0,4 tháng trước,"Bún quậy hợp khẩu vị. Tô bún được làm từ bún tươi, thịt bò, chả cá chả tôm và đặc biệt không có rau ăn kèm.",google_maps_reviews_20260514_020235.csv,bún quậy hợp khẩu vị tô bún được làm từ bún tươi thịt bò chả cá chả tôm và đặc biệt không có rau ăn kèm,26,2,0,0,0
Bún quậy Kiến - Xây Rạch Giá,Phương Thanh Trần,5.0,10 tháng trước,"Quán mát mẻ, sạch, bố trí đẹp. Đồ ăn tươi ngon, bửa mình ăn tô truyền thống 60k, mà hết chả tôm hơi tiếc, chả cá với mực tươi ngon, bún mềm dai nhẹ ngon luôn. Nước mía 10k nước ngọt 15k. Sẽ quay lại",google_maps_reviews_20260514_020235.csv,quán mát mẻ sạch bố trí đẹp đồ ăn tươi ngon bửa mình ăn tô truyền thống k mà hết chả tôm hơi tiếc chả cá với mực tươi ngon bún mềm dai nhẹ ngon luôn nước mía k nước ngọt k sẽ quay lại,45,2,0,2,3
Bún quậy Kiến - Xây Rạch Giá,Khanh Trang Le,5.0,8 tháng trước,"Quán theo phong cách tự phục vụ nên với người lớn tuổi sẽ khá khó khăn để tự order và bưng về bàn.
Sợi bún ngon lạ miệng. …",google_maps_reviews_20260514_020235.csv,quán theo phong cách tự phục vụ nên với người lớn tuổi sẽ khá khó khăn để tự order và bưng về bàn sợi bún ngon lạ miệng,28,2,1,0,0
Bún quậy Kiến - Xây Rạch Giá,Duc Duy Bui,5.0,6 tháng trước,"Quán rộng rãi, món ăn vừa miệng, thân thiện.",google_maps_reviews_20260514_020235.csv,quán rộng rãi món ăn vừa miệng thân thiện,9,2,2,2,0
Bún quậy Kiến - Xây Rạch Giá,ngoc dung,5.0,11 tháng trước,Gia đình thích ăn tối đơn giản một món cho dễ tiêu hóa và có thể đi ăn vặt thêm hoặc uống nước thêm thì ghé bún quậy kiến xây là lựa chọn tốt,google_maps_reviews_20260514_020235.csv,gia đình thích ăn tối đơn giản một món cho dễ tiêu hóa và có thể đi ăn vặt thêm hoặc uống nước thêm thì ghé bún quậy kiến xây là lựa chọn tốt,34,2,0,0,0
Bún quậy Kiến - Xây Rạch Giá,Quốc Vinh Đặng,5.0,2 tháng trước,"Sợi bún ngon, nước lèo thanh đạm, muối chấm vừa vị !!!!
Ngon",google_maps_reviews_20260514_020235.csv,sợi bún ngon nước lèo thanh đạm muối chấm vừa vị ngon,12,2,0,0,0
Bún quậy Kiến - Xây Rạch Giá,PHÚC Nguyễn Hồng,5.0,9 tháng trước,"- Đồ ăn: 10₫ bún tươi, chả tươi, mực tươi, bò cũng tươi luôn. Thích nhất là chả, ăn rất bắt miệng
- Không gian: 9₫ quán rất rộng, nhiều bàn, không lo full bàn, decor đơn giản …",google_maps_reviews_20260514_020235.csv,đồ ăn bún tươi chả tươi mực tươi bò cũng tươi luôn thích nhất là chả ăn rất bắt miệng không gian quán rất rộng nhiều bàn không lo full bàn decor đơn giản,34,2,0,2,0
Bún quậy Kiến - Xây Rạch Giá,Tuan Vo,5.0,2 tháng trước,"Quán ăn ngon, đông khách nên chờ khá lâu, có chỗ đậu xe ô tô,",google_maps_reviews_20260514_020235.csv,quán ăn ngon đông khách nên chờ khá lâu có chỗ đậu xe ô tô,15,2,1,3,0
Bún Riêu Cua - O Lam,Tuyết Vương “雪王 - Mickey”,5.0,3 năm trước,"Bún riêu rất ngon, đồ ăn tươi, sạch. Sẽ ủng hộ lâu dài. 👍👍👍👍 …",google_maps_reviews_20260514_020235.csv,bún riêu rất ngon đồ ăn tươi sạch sẽ ủng hộ lâu dài,13,2,0,0,0
Bún quậy Kiến - Xây Rạch Giá,Trúc Thanh,5.0,một năm trước,"Ê nha.Không gian quán rất đẹp,lịch sự và rất ê nha
Giá đối với người dân KG thì chắc là ổn
Ngoài ra đồ ăn tươi,ngon đúng chất bún quậy luôn
Ai đi kiên giang thì nên ghé thử",google_maps_reviews_20260514_020235.csv,ê nha không gian quán rất đẹp lịch sự và rất ê nha giá đối với người dân kg thì chắc là ổn ngoài ra đồ ăn tươi ngon đúng chất bún quậy luôn ai đi kiên giang thì nên ghé thử,42,2,0,2,3
Bún Riêu Cua - O Lam,Phuong Thanh,5.0,2 năm trước,"Giá rẻ, topping ngon, chất lượng. Ốc to, dai, thơm và tươi.",google_maps_reviews_20260514_020235.csv,giá rẻ topping ngon chất lượng ốc to dai thơm và tươi,12,2,0,0,2
Bún quậy Kiến - Xây Rạch Giá,Huy Nguyen,5.0,2 tháng trước,"Quán rộng, khá đông vào ngày lễ. Order xong tự lấy đồ ăn, tự lấy nước, đồ chấm. Hải sản tươi sống, ăn khá lạ miệng, ngon.",google_maps_reviews_20260514_020235.csv,quán rộng khá đông vào ngày lễ order xong tự lấy đồ ăn tự lấy nước đồ chấm hải sản tươi sống ăn khá lạ miệng ngon,27,2,3,2,0
Bún quậy Kiến - Xây Rạch Giá,Phúc Nguyên Phạm Hoàng,5.0,2 tháng trước,"Mình đã ăn trên sg, về quê nên xuống rạch giá chơi ghé ăn thử như thế nào, đặc điểm chung là quán vẫn đông vãi luôn. Đồ chấm tự phục vụ, nào có đồ ăn báo chuông ra lấy. Chất lượng đồ ăn vẫn rất ngon nha mọi người.",google_maps_reviews_20260514_020235.csv,mình đã ăn trên sg về quê nên xuống rạch giá chơi ghé ăn thử như thế nào đặc điểm chung là quán vẫn đông vãi luôn đồ chấm tự phục vụ nào có đồ ăn báo chuông ra lấy chất lượng đồ ăn vẫn rất ngon nha mọi người,50,2,3,0,0
Bún Riêu Cua 06,muachieu cuoithu,5.0,5 tháng trước,"Quán ăn nhỏ ven đường, gọn gàng, bán từ 14h30 đến hết hàng. Bún riêu, trứng mực, sò huyết, ốc, chả cá chiên, riêu cua... Rất ngon, theo khẩu vị cá nhân mình thấy 9/10. 1 chiếc quán bún riêu chiều rất đáng trải nghiệm.",google_maps_reviews_20260514_020235.csv,quán ăn nhỏ ven đường gọn gàng bán từ h đến hết hàng bún riêu trứng mực sò huyết ốc chả cá chiên riêu cua rất ngon theo khẩu vị cá nhân mình thấy chiếc quán bún riêu chiều rất đáng trải nghiệm,43,2,0,2,0
Bún Riêu Cua 06,Minh Được Nguyễn,5.0,3 tháng trước,"Bún riêu cua ngon thiệt, trộm vía lần đầu đến rạch giá được ăn ngon. Sau này có dịp xẽ ủng hộ cô tiếp",google_maps_reviews_20260514_020235.csv,bún riêu cua ngon thiệt trộm vía lần đầu đến rạch giá được ăn ngon sau này có dịp xẽ ủng hộ cô tiếp,24,2,0,0,0
Bún Riêu Cua 06,Quoc Tuan Vo,5.0,2 năm trước,"Giá 40k/tô , nhìn chung ok",google_maps_reviews_20260514_020235.csv,giá k tô nhìn chung ok,6,0,0,0,3
Bún Riêu Cua 10 Giờ,Quỳnh My Phùng,5.0,3 năm trước,Không biết nói gì ngoài khen á ghiền lắm. Cô chủ nấu ngon nước lèo không gắt dầu mỡ. Mình ăn hoài không ngán. Topping đầy ụ nhiều chất lượng hẳn so với giá tiền. Must Try 👌 …,google_maps_reviews_20260514_020235.csv,không biết nói gì ngoài khen á ghiền lắm cô chủ nấu ngon nước lèo không gắt dầu mỡ mình ăn hoài không ngán topping đầy ụ nhiều chất lượng hẳn so với giá tiền must try,37,2,0,0,2
Bún Riêu Cua 10 Giờ,Việt Trần,5.0,3 năm trước,Bún riêu cua dường 42.phường bình trưng tây TP thủ đức HCM. Rất ngon và bổ rẻ,google_maps_reviews_20260514_020235.csv,bún riêu cua dường phường bình trưng tây tp thủ đức hcm rất ngon và bổ rẻ,17,2,0,0,2
Bún Riêu Cua 10 Giờ,Hoang Nguyen,5.0,Thời gian chỉnh sửa: 2 năm trước,Ngon mà ngủ quên chút là khỏi có gì ăn luôn 🤣 …,google_maps_reviews_20260514_020235.csv,ngon mà ngủ quên chút là khỏi có gì ăn luôn,11,2,0,0,0
Bún Riêu Cua 10 Giờ,Thảo Master,5.0,một năm trước,Quá ngon và chất lượng 💯❤️ …,google_maps_reviews_20260514_020235.csv,quá ngon và chất lượng,5,2,0,0,0
Bún Riêu Cua 1284,Thùy Trần,5.0,8 tháng trước,"Mình là đứa mê bún riêu và đã đi thử khá nhiều chỗ, nhưng hôm nay mới có dịp ghé Bún Riêu Cua 1284 ở hẻm 1284, đường 3 Tháng 2 (Q.11). Quán nằm trong hẻm, không gian nhỏ nhưng sạch sẽ, thoáng mát, kiểu bình dân gần gũi. …",google_maps_reviews_20260514_020235.csv,mình là đứa mê bún riêu và đã đi thử khá nhiều chỗ nhưng hôm nay mới có dịp ghé bún riêu cua ở hẻm đường tháng q quán nằm trong hẻm không gian nhỏ nhưng sạch sẽ thoáng mát kiểu bình dân gần gũi,45,0,0,2,0
Bún Riêu Cua 1284,Kim Dan,5.0,6 tháng trước,"Quán trong hẻm có chỗ để xe ,mấy cô lớn tuổi bán nhưng rất nhanh nhẹn khách chủ yếu cũng người lớn tuổi , quán lên món nhanh dù đông khách , nêm nếm vị vừa ăn , cho thau rau sẵn ai thích ăn rau là ưng nhen . Sẽ quay lại nè",google_maps_reviews_20260514_020235.csv,quán trong hẻm có chỗ để xe mấy cô lớn tuổi bán nhưng rất nhanh nhẹn khách chủ yếu cũng người lớn tuổi quán lên món nhanh dù đông khách nêm nếm vị vừa ăn cho thau rau sẵn ai thích ăn rau là ưng nhen sẽ quay lại nè,50,2,2,0,0
Bún Riêu Cua - O Lam,Uyên Ngô Thị,5.0,3 năm trước,Rất ngon nhé. Mn nên thử🥰 …,google_maps_reviews_20260514_020235.csv,rất ngon nhé mn nên thử,6,2,0,0,0
Bún quậy Kiến - Xây Rạch Giá,Trần Hân Hân,5.0,3 năm trước,"Đây là 1 trong những quán ăn tôi đánh giá là tuyệt vời ở Rạch Giá. Về không gian, chất lượng món ăn cũng như cách phục vụ.
- vị trí đắc địa, nằm trên con đường sầm uất, dễ tìm. Không gian được thiết kế …",google_maps_reviews_20260514_020235.csv,đây là trong những quán ăn tôi đánh giá là tuyệt vời ở rạch giá về không gian chất lượng món ăn cũng như cách phục vụ vị trí đắc địa nằm trên con đường sầm uất dễ tìm không gian được thiết kế,44,2,2,2,0
Bún quậy Kiến - Xây Rạch Giá,hvh hoang,5.0,2 năm trước,"Đồ ăn ngon, không gian rộng rãi nhưng hơi nóng
Giá hơi cao
Món ăn ko có nhìu option, topping đơn giản như thịt, chả cua, chả mực ... …",google_maps_reviews_20260514_020235.csv,đồ ăn ngon không gian rộng rãi nhưng hơi nóng giá hơi cao món ăn ko có nhìu option topping đơn giản như thịt chả cua chả mực,28,2,0,1,1
Bún quậy Kiến - Xây Rạch Giá,Nguyen Duy Linh,5.0,3 năm trước,"[BÚN QUẬY KIẾN - XÂY thơm ngon mời bạn ăn nha]

- Là một trong những chi nhánh của bún quậy kiến xây Phú Quốc …",google_maps_reviews_20260514_020235.csv,bún quậy kiến xây thơm ngon mời bạn ăn nha là một trong những chi nhánh của bún quậy kiến xây phú quốc,23,0,0,0,0
Bún quậy Kiến - Xây Rạch Giá,Hai Nguyen Thanh,5.0,2 năm trước,"Đồ ăn ngon, không gian thoải mái hơn bên CN Phú Quốc",google_maps_reviews_20260514_020235.csv,đồ ăn ngon không gian thoải mái hơn bên cn phú quốc,12,2,0,2,0
Bún quậy Kiến - Xây Rạch Giá,Dỗ Thành nhơn,5.0,4 năm trước,"Đợi hơi lâu , không khí hơi nóng . Nhưng bù lại bún và hải sản rất ngon . Giá thấp nhất là 50k .",google_maps_reviews_20260514_020235.csv,đợi hơi lâu không khí hơi nóng nhưng bù lại bún và hải sản rất ngon giá thấp nhất là k,21,2,1,1,3
Bún quậy Kiến - Xây Rạch Giá,Minh Bùi Đức,5.0,2 năm trước,"Không gian quán rộng, nhân viên thân thiện, phục vụ nhiệt tình.
Bún quậy ngon, vị chuẩn Phú Quốc, giá cả phải chăng.",google_maps_reviews_20260514_020235.csv,không gian quán rộng nhân viên thân thiện phục vụ nhiệt tình bún quậy ngon vị chuẩn phú quốc giá cả phải chăng,23,2,2,2,2
Bún quậy Kiến - Xây Rạch Giá,Alvin Tan,5.0,một năm trước,Nước dùng tuyệt vời. Chả tôm tươi ngon. Tiếc là không có dịch vụ. Ai ăn nhiều thì nên gọi 2 bát.,google_maps_reviews_20260514_020235.csv,nước dùng tuyệt vời chả tôm tươi ngon tiếc là không có dịch vụ ai ăn nhiều thì nên gọi bát,21,2,1,0,0
Bún quậy Kiến - Xây Rạch Giá,Tài Nguyễn,5.0,một năm trước,"Bún ngon, quán không quá nóng như review, có thể do ngồi dưới máy lạnh.",google_maps_reviews_20260514_020235.csv,bún ngon quán không quá nóng như review có thể do ngồi dưới máy lạnh,15,2,0,2,0
Bún quậy Kiến - Xây Rạch Giá,Kim Huỳnh Anh,5.0,một năm trước,"Quán ăn ngon, giá tầm 60-80k/tô
Nước chấm nhiều bột ngọt, nên tự pha theo sở thích",google_maps_reviews_20260514_020235.csv,quán ăn ngon giá tầm k tô nước chấm nhiều bột ngọt nên tự pha theo sở thích,18,2,0,0,3
Bún quậy Kiến - Xây Rạch Giá,Trương Đăng Khoa,5.0,Thời gian chỉnh sửa: một năm trước,"Quán đẹp, bún ngon, phục vụ độc đáo. (Tự phục vụ)",google_maps_reviews_20260514_020235.csv,quán đẹp bún ngon phục vụ độc đáo tự phục vụ,11,2,3,2,0
Bún quậy Kiến - Xây Rạch Giá,minh duc van,5.0,một năm trước,"Hơi hụt hẫng vì khâu phục vụ.
Bún ngon, tôm mực tươi,
Bữa trưa cho miếng máy lạnh để ăn ngon hơn.
Cảm ơn!",google_maps_reviews_20260514_020235.csv,hơi hụt hẫng vì khâu phục vụ bún ngon tôm mực tươi bữa trưa cho miếng máy lạnh để ăn ngon hơn cảm ơn,24,2,1,2,0
Bún quậy Kiến - Xây Rạch Giá,Trần Thị Bảo Trân,5.0,3 năm trước,"Ngon lắm nha, hải sản rất tươi, dùng nước chấm pha sẵn thêm ớt tắt vô ngon lắm, mà do tối đông khách hay sao sáng lại quán còn rích rắm lắm, chưa được vs sạch. Mình lại trước 7h30 sáng thì chưa mở cửa nha",google_maps_reviews_20260514_020235.csv,ngon lắm nha hải sản rất tươi dùng nước chấm pha sẵn thêm ớt tắt vô ngon lắm mà do tối đông khách hay sao sáng lại quán còn rích rắm lắm chưa được vs sạch mình lại trước h sáng thì chưa mở cửa nha,46,2,0,1,0
Bún quậy Kiến - Xây Rạch Giá,Tường Đoàn,5.0,3 tháng trước,"Quán quen thuộc mỗi khi đến rạch giá, bún và nước mía khỏi chê.",google_maps_reviews_20260514_020235.csv,quán quen thuộc mỗi khi đến rạch giá bún và nước mía khỏi chê,14,2,0,0,0
Bún quậy Kiến - Xây Rạch Giá,Ngoc Men Chau,5.0,Thời gian chỉnh sửa: 4 năm trước,Mùi vị và chất lượng bún không thua kém quán tại Phú Quốc. Đặc biệt không gian rộng và thoáng. Rất thoải mái và tạo cảm giác an toàn khi đi ăn vào lúc dịch bệnh còn chưa hết.  À nước mía ngọt thanh và rất mát,google_maps_reviews_20260514_020235.csv,mùi vị và chất lượng bún không thua kém quán tại phú quốc đặc biệt không gian rộng và thoáng rất thoải mái và tạo cảm giác an toàn khi đi ăn vào lúc dịch bệnh còn chưa hết à nước mía ngọt thanh và rất mát,47,2,0,2,0
Bún quậy Kiến - Xây Rạch Giá,Lan Ha,5.0,7 tháng trước,"Phục vụ rất nhiệt tình, chu đáo. Bún quậy rấc ngon",google_maps_reviews_20260514_020235.csv,phục vụ rất nhiệt tình chu đáo bún quậy rấc ngon,11,2,2,0,0
Bún quậy Kiến - Xây Rạch Giá,Em Dang,5.0,4 tháng trước,"Ngon vị thanh, đặt biệt bún thêm miễn phí khách ăn thoải mái.",google_maps_reviews_20260514_020235.csv,ngon vị thanh đặt biệt bún thêm miễn phí khách ăn thoải mái,13,2,2,0,2
Bún quậy Kiến - Xây Rạch Giá,Thanh Nguyen Song,5.0,một năm trước,Gọi 1 tô đơn giản và 1 tô truyền thống. Ăn ngập mồm.  Chả Tôm và chả cá rất tươi ngon. Đáng giá đồng tiền,google_maps_reviews_20260514_020235.csv,gọi tô đơn giản và tô truyền thống ăn ngập mồm chả tôm và chả cá rất tươi ngon đáng giá đồng tiền,23,2,0,0,2
Bún quậy Kiến - Xây Rạch Giá,Ông Epal Vlog,5.0,Thời gian chỉnh sửa: 3 tháng trước,"Chỗ rộng, đậu ô tô thoải mái, dễ tìm.
Quán rộng và lúc nào cũng đông khách, Combo là Bún Quậy & Nước Mía nha.
Nước chấm ở đây khách có thể tự pha theo khẩu vị mình thích hoặc có pha sẵn nhé. …",google_maps_reviews_20260514_020235.csv,chỗ rộng đậu ô tô thoải mái dễ tìm quán rộng và lúc nào cũng đông khách combo là bún quậy nước mía nha nước chấm ở đây khách có thể tự pha theo khẩu vị mình thích hoặc có pha sẵn nhé,43,0,3,2,0
Bún quậy Kiến - Xây Rạch Giá,SongGiang913,5.0,4 tháng trước,"Quán nằm gần trung tâm thương mại, không khí vui nhộn, đồ ăn thức uống khá ổn...",google_maps_reviews_20260514_020235.csv,quán nằm gần trung tâm thương mại không khí vui nhộn đồ ăn thức uống khá ổn,17,3,0,2,0
Bún quậy Kiến - Xây Rạch Giá,Nguyên Mây,5.0,2 năm trước,"Ngon như bao chi nhánh khác
Quán rộng rãi
Lúc nào cũng có khách lai rai …",google_maps_reviews_20260514_020235.csv,ngon như bao chi nhánh khác quán rộng rãi lúc nào cũng có khách lai rai,16,2,0,2,0
Bún quậy Kiến - Xây Rạch Giá,minh minhminh,5.0,một năm trước,"Ngon, giá hơi cao, quán tự phục vụ
Nước chấm có nhiều bột ngọt, bạn nên tự pha để điều chỉnh nha",google_maps_reviews_20260514_020235.csv,ngon giá hơi cao quán tự phục vụ nước chấm có nhiều bột ngọt bạn nên tự pha để điều chỉnh nha,22,2,3,0,1
Bún Riêu Cua - O Lam,Huyền Khánh,5.0,3 năm trước,Bún rất ngon chưa bao giờ ăn ở đâu ngon như vậy . Sẽ ủng hộ quán lâu dài❤️❤️,google_maps_reviews_20260514_020235.csv,bún rất ngon chưa bao giờ ăn ở đâu ngon như vậy sẽ ủng hộ quán lâu dài,18,2,0,0,0
Bún quậy Kiến - Xây Rạch Giá,Thien Huong Tran Thi,5.0,4 tháng trước,Mình đánh giá 5sao trước tiên là thái độ phục vụ của nhân viên. Rất dễ thương và nhiệt tình …,google_maps_reviews_20260514_020235.csv,mình đánh giá sao trước tiên là thái độ phục vụ của nhân viên rất dễ thương và nhiệt tình,20,0,2,0,0
Bún quậy Kiến - Xây Rạch Giá,Vinh Review / Chính,5.0,4 tháng trước,Vẫn ngon như ngày nào 😅 …,google_maps_reviews_20260514_020235.csv,vẫn ngon như ngày nào,5,2,0,0,0
Bún quậy Kiến - Xây Rạch Giá,Thanh Tâm Cát Tiên,5.0,một năm trước,"Bún quậy ngon, bún làm tươi, chả tươi
Có bãi đỗ xe
Thuận tiện giao thông …",google_maps_reviews_20260514_020235.csv,bún quậy ngon bún làm tươi chả tươi có bãi đỗ xe thuận tiện giao thông,16,2,0,2,0
Bún quậy Kiến - Xây Rạch Giá,Artemis,5.0,3 năm trước,"Quán chuyên về bún quậy, không có món khác; thực phẩm tươi, sạch, cảm giác thanh đạm phù hợp với người ăn kiêng theo chế độ clean and clear
Có chỗ đậu xe ô tô, có không gian rộng phù hợp đi nhóm đông",google_maps_reviews_20260514_020235.csv,quán chuyên về bún quậy không có món khác thực phẩm tươi sạch cảm giác thanh đạm phù hợp với người ăn kiêng theo chế độ clean and clear có chỗ đậu xe ô tô có không gian rộng phù hợp đi nhóm đông,44,2,0,2,0
Bún quậy Kiến - Xây Rạch Giá,Ho Duy Phuc,5.0,2 năm trước,"Bún ngon, toping nhiều, không khí lúc nào cũng đông đúc và náo nhiệt! Đây là nơi nổi tiếng về món bún quậy tại Rạch Giá, Kiên Giang! Mọi người nên ghé để thưởng thức món ăn nổi tiếng này",google_maps_reviews_20260514_020235.csv,bún ngon toping nhiều không khí lúc nào cũng đông đúc và náo nhiệt đây là nơi nổi tiếng về món bún quậy tại rạch giá kiên giang mọi người nên ghé để thưởng thức món ăn nổi tiếng này,40,2,0,3,0
Bún quậy Kiến - Xây Rạch Giá,Nam Nguyễn Kỳ,5.0,2 năm trước,"Món ăn rất ngon, ra món nhanh, nhưng hơi đông, chỗ đậu xe thoải mái, menu đa dạng, chỗ ngồi đầy đủ, thịt bò không dai, rất mềm và ngọt, bún rất ngọn và có rất nhiều gia vị để pha chế biến nước chấm.",google_maps_reviews_20260514_020235.csv,món ăn rất ngon ra món nhanh nhưng hơi đông chỗ đậu xe thoải mái menu đa dạng chỗ ngồi đầy đủ thịt bò không dai rất mềm và ngọt bún rất ngọn và có rất nhiều gia vị để pha chế biến nước chấm,45,2,2,3,0
Bún Riêu Cua 1284,Tuấn Phan,5.0,2 tháng trước,"Quán đông là chờ  nha nha nha
Nhưng bún ngon.
Nước thanh.",google_maps_reviews_20260514_020235.csv,quán đông là chờ nha nha nha nhưng bún ngon nước thanh,12,2,1,3,0
Bún quậy Kiến - Xây Rạch Giá,My Tho Motorbike Rental,5.0,2 năm trước,"1 nơi không thể gọi là nhà hàng
Vì hơn cả thế, họ chăm chút luôn cả tinh thần cho khách. Thích từ cái Menu khổng lồ cho đến tên gọi TÔ ĐƠN GIẢN (35k) - hợp phong cách mình nên m chọn tô đó, …",google_maps_reviews_20260514_020235.csv,nơi không thể gọi là nhà hàng vì hơn cả thế họ chăm chút luôn cả tinh thần cho khách thích từ cái menu khổng lồ cho đến tên gọi tô đơn giản k hợp phong cách mình nên m chọn tô đó,43,0,2,2,0
Bún Riêu Cua 1284,Khang Neo,5.0,11 tháng trước,"Bún riêu tôm khô giản dị ở khu Quận 11.

Biết tới quán này từ vợ mình, kiểu bún riêu ở đây nấu khá đơn giản với tôm khô, …",google_maps_reviews_20260514_020235.csv,bún riêu tôm khô giản dị ở khu quận biết tới quán này từ vợ mình kiểu bún riêu ở đây nấu khá đơn giản với tôm khô,28,3,0,0,0
Bún Riêu Cua 1284,long lam,5.0,Thời gian chỉnh sửa: 3 năm trước,"Ngon! Sạch sẽ
Không có thịt. Chỉ có tôm khô, cua riêu, huyết, cà
Chả lá ăn thêm thì tính thêm …",google_maps_reviews_20260514_020235.csv,ngon sạch sẽ không có thịt chỉ có tôm khô cua riêu huyết cà chả lá ăn thêm thì tính thêm,21,2,0,2,0
Bún Riêu Cua 1284,Nhat Minh Nguyen,5.0,9 năm trước,"Bún riêu ngon, sạch sẽ. Riêu cua ăn ngon",google_maps_reviews_20260514_020235.csv,bún riêu ngon sạch sẽ riêu cua ăn ngon,9,0,2,0,0
Bún Riêu Cua 1284,Văn Toản Nguyễn,5.0,3 năm trước,"Dịch vụ rất tốt, cô chủ nhiệt tình, rất dễ thương",google_maps_reviews_20260514_020235.csv,dịch vụ rất tốt cô chủ nhiệt tình rất dễ thương,11,2,0,0,2
Bún Riêu Cua 1284,Chương Lý,5.0,3 năm trước,Ngon ngọt giá cả phải chăng,google_maps_reviews_20260514_020235.csv,ngon ngọt giá cả phải chăng,6,2,0,0,2
Bún Riêu Cua 1284,Tan Huynh,5.0,7 năm trước,"Giá bình dân, nhưng chất lượng nhà hàng",google_maps_reviews_20260514_020235.csv,giá bình dân nhưng chất lượng nhà hàng,8,2,0,0,2
Bún Riêu Cua 1284,Nguyen Viet,5.0,3 năm trước,"Ngon, mà lúc bán lúc không",google_maps_reviews_20260514_020235.csv,ngon mà lúc bán lúc không,6,2,0,0,0
Bún Riêu Cua 1284,Tien Tran,5.0,3 năm trước,"Siêu ngon, giá cả rẻ.",google_maps_reviews_20260514_020235.csv,siêu ngon giá cả rẻ,5,2,0,0,2
Bún Riêu Cua 1284,Hùng Phan,5.0,3 năm trước,bún ngon giá hợp lý,google_maps_reviews_20260514_020235.csv,bún ngon giá hợp lý,5,2,0,0,2
Bún Riêu Cua 1284,Tuyet Em Nguyen,5.0,6 năm trước,Bún ngon chỉ có cua và chả,google_maps_reviews_20260514_020235.csv,bún ngon chỉ có cua và chả,7,2,0,0,0
Bún Riêu Cua 1284,Phạm Thế xương,5.0,7 năm trước,"Ngon tuy hơi mắc, tiền nào của nấy",google_maps_reviews_20260514_020235.csv,ngon tuy hơi mắc tiền nào của nấy,8,2,0,0,1
Bún Riêu Cua 1284,Trường Quyên Nguyễn,5.0,7 năm trước,"Ngon, rẻ và hợp vệ sinh.",google_maps_reviews_20260514_020235.csv,ngon rẻ và hợp vệ sinh,6,2,0,2,2
Bún Riêu Cua 1284,Phan Tung Son,5.0,Thời gian chỉnh sửa: 6 năm trước,"Bun rieu ngon, co nhieu tom kho.",google_maps_reviews_20260514_020235.csv,bun rieu ngon co nhieu tom kho,7,2,0,0,0
Bún Riêu Cua 1284,Phong Nguyễn Giang Bằng,5.0,6 năm trước,"Quán bún riêu đúng nghĩa, cực ngon",google_maps_reviews_20260514_020235.csv,quán bún riêu đúng nghĩa cực ngon,7,2,0,0,0
Bún Riêu Cua 1284,Quốc Quy Quan,5.0,4 năm trước,Bún riêu cua nhon tiệt zời,google_maps_reviews_20260514_020235.csv,bún riêu cua nhon tiệt zời,6,2,0,0,0
Bún Riêu Cua 1284,Codoc An,5.0,7 năm trước,Ngon lắm các bạn ơi.,google_maps_reviews_20260514_020235.csv,ngon lắm các bạn ơi,5,2,0,0,0
Bún Riêu Cua 1284,Gia-Hue On,5.0,5 năm trước,"Chỉ 30.000đ. Ngon, bổ dưỡng, vị trí thuận tiện.",google_maps_reviews_20260514_020235.csv,chỉ đ ngon bổ dưỡng vị trí thuận tiện,9,2,0,2,2
Bún Riêu Cua 1284,thanh nha pham,5.0,3 năm trước,Ngon và rất tuyệt vời,google_maps_reviews_20260514_020235.csv,ngon và rất tuyệt vời,5,2,0,0,0
Bún Riêu Cua 1284,Minh Quang Nguyen,5.0,Thời gian chỉnh sửa: 3 năm trước,Ngon bá cháy bọ chét 🤩🤩🤩 …,google_maps_reviews_20260514_020235.csv,ngon bá cháy bọ chét,5,2,0,0,0
Bún Riêu Cua 1284,Co SaoDo (SDC),5.0,6 năm trước,"kha sngon, phục vụ nhanh",google_maps_reviews_20260514_020235.csv,kha sngon phục vụ nhanh,5,2,2,0,0
Bún Riêu Cua 1284,Khoa Nguyễn Đăng (d.anggkhoa),5.0,2 năm trước,Rất tốt và rất rẻ,google_maps_reviews_20260514_020235.csv,rất tốt và rất rẻ,5,2,0,0,2
Bún Riêu Cua 1284,Thùy Dương Phạm,5.0,Thời gian chỉnh sửa: 10 giờ trước,"Bún riêu cua 1284 [Saigon]

Tên quán là Bún riêu 1284 có lẽ là do quán nằm ngay đầu hẻm 1284 đường 3/2 quận …",google_maps_reviews_20260514_020235.csv,bún riêu cua saigon tên quán là bún riêu có lẽ là do quán nằm ngay đầu hẻm đường quận,20,0,0,0,0
Bún Riêu Cua A Quốc,Tran Minh Tuan,5.0,một năm trước,"Bún riêu ở đây vị đậm đà. Một tô đặc biệt đầy đủ có giò, huyết, ốc và chả cua, ngon nhất là chả cua và ốc khá tươi. Quán rộng và nhìn sạch sẽ, có điều dùng tô inox mình không thích lắm. Chỗ để xe rộng.",google_maps_reviews_20260514_020235.csv,bún riêu ở đây vị đậm đà một tô đặc biệt đầy đủ có giò huyết ốc và chả cua ngon nhất là chả cua và ốc khá tươi quán rộng và nhìn sạch sẽ có điều dùng tô inox mình không thích lắm chỗ để xe rộng,48,2,0,2,0
Bún Riêu Cua A Quốc,m.lan68log,5.0,9 tháng trước,"Ngon hợp khẩu vị mình, tô bún bự chà bá chành bành",google_maps_reviews_20260514_020235.csv,ngon hợp khẩu vị mình tô bún bự chà bá chành bành,12,2,0,0,0
Bún Riêu Cua A Quốc,Cường Nguyễn,5.0,Thời gian chỉnh sửa: 2 năm trước,"Bún riêu ngon, vị thấm, tô đầy ắp, giá phải chăng. Phục vụ nhiệt tình",google_maps_reviews_20260514_020235.csv,bún riêu ngon vị thấm tô đầy ắp giá phải chăng phục vụ nhiệt tình,15,2,2,0,2
