place_name,user,rating,time,text
"Mr.Saigon - Mì Ý, Salad Sài Gòn - Lê Lai",Nguyễn Phương Uyên,5 sao,một tuần trước,Bữa ăn ngon dịch vụ tốt các bạn nhân viên nhiệt tình nên rất hài lòng với bữa ăn này
"Mr.Saigon - Mì Ý, Salad Sài Gòn - Lê Lai",Hào Trần Tấn,5 sao,một tuần trước,"Không gian ấm cúng sang trọng , đồ ăn ngon , nhân viên nhiệt tình chu đáo .
Giá cả hợp lí"
"Mr.Saigon - Mì Ý, Salad Sài Gòn - Lê Lai",VIỆT PHAN BẢO,5 sao,3 tháng trước,"Đồ ăn ngon đó nhee, giá cả quá ư là hợp lý luôn:33"
"Mr.Saigon - Mì Ý, Salad Sài Gòn - Lê Lai",Hồ Trương Quốc Huy,5 sao,một tuần trước,"Đồ ăn ngon, phục vụ nhiệt tình, thân thiện, không gian rất thoải mái và riêng tư, cuối buổi còn được tặng quà ảnh kỷ niệm. Sẽ ghé lại vào tương lai."
"Mr.Saigon - Mì Ý, Salad Sài Gòn - Lê Lai",Phương Trang HN.,5 sao,2 tháng trước,"Đồ ăn ngon đó nhee, giá cả quá ư là hợp lý luôn:33"
"Mr.Saigon - Mì Ý, Salad Sài Gòn - Lê Lai",Hân Ngọc,5 sao,một tháng trước,"Quán có không gian rộng rãi thoải mái
Đồ ăn ngon và vừa miệng
Lần sau sẽ quay lại nữa ạ"
"Mr.Saigon - Mì Ý, Salad Sài Gòn - Lê Lai",Huyền Nguyễn Thị,5 sao,một tháng trước,"Đồ ăn ngon, nhân viên phục vụ nhiệt tình, sẽ quay lại."
"Mr.Saigon - Mì Ý, Salad Sài Gòn - Lê Lai",Thuong Nguyen,5 sao,4 tháng trước,"Đồ ăn nêm nếm vừa vặn, cực kì ngon luôn ạ!!! Trang trí siêu xinh, giá cả phải chăng, nhân viên tận tình từ ngoài cổng luôn ạ!!! Nhân viên phục vụ nhiệt tình, còn được tặng rửa ngay tấm ảnh kỉ niệm thiệt đáng iuu và siêu đáng iuuu luôn ạ!!! 10 điểm không có nhưng ạ!!! ❤️"
"Mr.Saigon - Mì Ý, Salad Sài Gòn - Lê Lai",Tuấn Đặng Thanh,1 sao,3 tháng trước,"Chất lượng món ăn: 1*
Không gian: 2*
Phục vụ: 2* …"
"Mr.Saigon - Mì Ý, Salad Sài Gòn - Lê Lai",zi dy,5 sao,một tháng trước,"Đồ ăn ngon , nhân viên nhiệt tình rcm mọi người nên ghé nhoo 🩷 …"
"Mr.Saigon - Mì Ý, Salad Sài Gòn - Lê Lai",Trúc Lê,5 sao,một tháng trước,"Quán ấm cúng đồ ăn ngon lém, tổ chức sinh nhật hoặc kỉ niệm ở đây cũng riêng tư nữa 🥰 …"
"Mr.Saigon - Mì Ý, Salad Sài Gòn - Lê Lai",Thanhtruc NL,1 sao,2 tháng trước,Ai đang có ý định tổ chức sinh nhật hay những dịp quan trọng ở đây thì suy nghĩ nha ! ( Tiền mất còn rước bực thêm ) …
"Mr.Saigon - Mì Ý, Salad Sài Gòn - Lê Lai",Bacgau Shop,5 sao,4 tháng trước,"nhân viên dễ thương , có chụp ảnh cho khách . phục vụ oke . không gian ở quán đẹp và thoải mái"
"Mr.Saigon - Mì Ý, Salad Sài Gòn - Lê Lai",Tùng Võ Sơn,5 sao,3 tháng trước,"Đồ ăn ngon, hợp khẩu vị
Không gian sang trọng, lãng mạng
Các bạn nhân viên nhỏ nhẹ, lịch sự."
"Mr.Saigon - Mì Ý, Salad Sài Gòn - Lê Lai",Dinh Nhu Nhu,5 sao,2 tháng trước,"Mình đã quay lại nhiều lần và chất lượng không thay đổi, thức ăn ngon và chỉnh chu. Nhân viên nhiệt tình 🥰 …"
"Mr.Saigon - Mì Ý, Salad Sài Gòn - Lê Lai",Tùng Sơn,5 sao,3 tháng trước,"1 buổi tối kỷ niệm tuyệt vời với vợ chồng tôi.
12 năm rồi tôi mới có 1 bữa ăn lãng mạng như vậy.
Giá cả phải chăng. Đồ ăn ngon hợp vị. Không gian buổi tối cực lãng mạng, thanh …"
"Mr.Saigon - Mì Ý, Salad Sài Gòn - Lê Lai",Nhien An,5 sao,2 tháng trước,"Đồ ăn rất ngon nhân viên nhiệt tình dễ thương, nhà hàng trang trí rất đẹp và hỗ trợ khách đổi giờ hết mình"
"Mr.Saigon - Mì Ý, Salad Sài Gòn - Lê Lai",Nhi Nguyễn,5 sao,2 tuần trước,"Quán ấm cúng đồ ăn ngon lắm ạ , tổ chức sinh nhật hoặc kỉ niệm ở đây cũng riêng tư nữa 😍😍 …"
"Mr.Saigon - Mì Ý, Salad Sài Gòn - Lê Lai",Trung Võ,5 sao,một tháng trước,Quán deco đẹp món ăn hợp khẩu vị ngon nhân viên phục vụ nhiệt tình
"Mr.Saigon - Mì Ý, Salad Sài Gòn - Lê Lai",Tuấn Anh Mai,5 sao,một tháng trước,Đồ ăn ok ạ nhân viên nhiệt tình
"Mr.Saigon - Mì Ý, Salad Sài Gòn - Lê Lai",Phúc Phan,5 sao,4 tháng trước,Đồ ăn ngon và Decor đẹp. Mn dẫn người yêu hay vợ tới để hẹn hò thì tuyệt vời nha.
"Mr.Saigon - Mì Ý, Salad Sài Gòn - Lê Lai",Khánh Quách,5 sao,3 tuần trước,Đồ ăn rất ngon. Không khí tuyệt vời. Mấy chị nhân viên nhiệt tình ạ
"Mr.Saigon - Mì Ý, Salad Sài Gòn - Lê Lai",1009_hn Nhipham,5 sao,5 tháng trước,"Đồ ăn ngon hợp khẩu vị lắm ạ, set up chụp hình lên đẹp dễ thương, yên tĩnh lãng mạn, bạn mình thích lắm, nói chung tuỵt ạ 🫰🏻 10 điểm …"
"Mr.Saigon - Mì Ý, Salad Sài Gòn - Lê Lai",Vương Thuỳ,5 sao,2 tháng trước,"không gian ở đây rất là xinh luôn nha, rất riêng tư và ấm áp phù hợp để hẹn hò vào những dịp đặc biệt, đáng để trải nghiệm nhé"
"Mr.Saigon - Mì Ý, Salad Sài Gòn - Lê Lai",Nguyễn Võ Như Huỳnh,5 sao,3 tháng trước,"Phục vụ tốt, không gian đẹp riêng tư, nhiệt tình chu đáo, đồ ăn ngonnnlamws rcm cho mấy bạn mún hẹn hò ở đây nha"
"Mr.Saigon - Mì Ý, Salad Sài Gòn - Lê Lai",Nguyen My,5 sao,2 tuần trước,"Quán ấm cúng đồ ăn ngon lém, tổ chức sinh nhật hoặc kỉ niệm ở đây cũng riêng tư nữa 🥰 …"
"Mr.Saigon - Mì Ý, Salad Sài Gòn - Lê Lai",Ngọc Anh Nguyễn,5 sao,một tuần trước,"Đồ ăn ngon, decord đẹp, nhân viên quán nhiệt tình thân thiện"
"Mr.Saigon - Mì Ý, Salad Sài Gòn - Lê Lai",thi trúc,5 sao,một tháng trước,"Đi hẹn hò hay sinh nhật ghé Mr.saigon là sự lựa chọn đúng đắn lun í. Đồ ăn hợp khẩu vị, chị nhân viên nhiệt tình chụp ảnh dùm mình siu ưng luôn. Tóm lại nên ghé nha mụi ngừi"
"Mr.Saigon - Mì Ý, Salad Sài Gòn - Lê Lai",Hải Yến Nguyễn,5 sao,một tháng trước,"Đồ ăn ngon, không gian đẹp, nhân viên nhiệt tình"
"Mr.Saigon - Mì Ý, Salad Sài Gòn - Lê Lai",Pii Nguyễn,5 sao,một tháng trước,Không gian từng tầng decor khác nhau. Đồ ăn oki. Nhân viên phục vụ chu đáo
"Mr.Saigon - Mì Ý, Salad Sài Gòn - Lê Lai",Toàn Nguyễn,5 sao,một tháng trước,"Không gian tuyệt vời , đồ ăn ngon , các bạn nên đến trải nghiệm sẽ thấy thú vị và lãng mạn"
"Mr.Saigon - Mì Ý, Salad Sài Gòn - Lê Lai",Kiệt Chí,5 sao,3 tháng trước,"Đồ ăn ngon , không gian ấm cúng , nhân viên nhiệt tình thân thiện . Một nơi lý tưởng để hẹn hò"
"Mr.Saigon - Mì Ý, Salad Sài Gòn - Lê Lai",Lê Thị Thuỳ Thuỷ,5 sao,3 tuần trước,"Đồ ăn ngon, không gian ấm cúng, nhân viên nhiệt tình hỗ trợ còn chụp ảnh in ra khung cho khách nữa."
"Mr.Saigon - Mì Ý, Salad Sài Gòn - Lê Lai",Thảo LTP,5 sao,4 tháng trước,"Không gian đẹp, kiểu Âu Mỹ, phù hợp cho hẹn hò, giá cả cũng khá mềm. Quán có bán nhiều set đi kèm hoa và bánh rất xinh."
"Mr.Saigon - Mì Ý, Salad Sài Gòn - Lê Lai",Thien Nguyen,5 sao,một tháng trước,"Đồ ăn theo mình cảm thấy khá hợp khẩu vị, không gian đẹp, yên tĩnh phù hợp cho các bạn thích sự riêng tư nhé!!"
"Mr.Saigon - Mì Ý, Salad Sài Gòn - Lê Lai",Thành Tài Phạm Lê,5 sao,2 tuần trước,"đồ ăn ngon
không gian đẹp thích hợp là nơi hẹn hò"
"Mr.Saigon - Mì Ý, Salad Sài Gòn - Lê Lai",Thanh Bao,5 sao,2 tuần trước,Phục vụ nhiệt tình nhân viên dễ thương trang trí đẹp đã quay lại lần 2 và sẽ quay lại ạ
"Mr.Saigon - Mì Ý, Salad Sài Gòn - Lê Lai",Lâm Phúc,5 sao,một tháng trước,"Quán đẹp không gian rộng rãi mát mắc rẻ quá đi
Đồ ăn ngon rất vừa miệng
sẽ ủng hộ lại lần sauuu ạ"
"Mr.Saigon - Mì Ý, Salad Sài Gòn - Lê Lai",Gia Ân Ngô,5 sao,một tháng trước,"Quán decor siêu xinh, bò ngon, ko gian hẹn hò sn cho gđ nhỏ hay cặp đôi hẹn hò rất ok"
"Mr.Saigon - Mì Ý, Salad Sài Gòn - Lê Lai",Lẹ Dương,5 sao,2 tháng trước,"Đồ ăn rất ngon, phục vụ rất nhiệt tình đáng để trãi nghiệm"
"Mr.Saigon - Mì Ý, Salad Sài Gòn - Lê Lai",Quỳnh Anh,5 sao,5 tháng trước,"Quán decor tiệc giúp mình rất dễ thưn, đồ ăn cũng khỏi chê, phù hợp cho các couple đi date. Hôm trước mình đi với bạn mình thì trông khá lạc quẻ :v nhưng mà thôi kệ"
"Mr.Saigon - Mì Ý, Salad Sài Gòn - Lê Lai",Vy Thúy,5 sao,2 tháng trước,"đồ ăn ngon, nv dễ thương, không gian chill và riêng tư, đẹp 🥰 …"
"Mr.Saigon - Mì Ý, Salad Sài Gòn - Lê Lai",Duong Hoai Tam,5 sao,6 tháng trước,"Không gian quán sang trọng, đẹp, lịch sự. Món ăn âu ngon vừa vị. Decor nhiều phong cách khác nhau, đẹp đẻ, vào đây chỉ có mãi mê chụp ảnhp"
"Mr.Saigon - Mì Ý, Salad Sài Gòn - Lê Lai",Vân Lê,2 sao,4 tháng trước,"Mình vừa ghé thăm quán vào cuối tuần vừa rồi với hy vọng có một bữa tối thư giãn, nhưng tiếc là trải nghiệm thực tế lại khá thất vọng. …"
"Mr.Saigon - Mì Ý, Salad Sài Gòn - Lê Lai",Biển Bùi Quang,5 sao,5 tháng trước,"Đồ ăn ngon, không gian đẹp, mọi người nên đến trải nghiệm"
"Mr.Saigon - Mì Ý, Salad Sài Gòn - Lê Lai",Oanh Nguyen,5 sao,một tháng trước,"10 điểm không có nhưng ạ. Mình rất hài lòng về bữa tối ăn SN tại đất. Set 499k 2 người ăn no cả bụng, không gian riêng tư, decor đẹp mắt, chụp hình thoải mái. Cảm ơn Mr Saigon nhé."
"Mr.Saigon - Mì Ý, Salad Sài Gòn - Lê Lai",Yến Lê,5 sao,một tháng trước,"Không gian quán riêng tư , đồ ăn ngon hợp khẩu vị , nhân viên hỗ trợ nhiệt tình , đặc biệt chụp ảnh đẹp . ❤️ background đẹp huyền bí"
"Mr.Saigon - Mì Ý, Salad Sài Gòn - Lê Lai",Truc Pham,5 sao,6 tháng trước,"Không gian đẹp, nhân viên hỗ trợ nhiệt tình, chụp ảnh đẹp. Recommend mn ghé tiệm trải nghiệm❤️✨"
"Mr.Saigon - Mì Ý, Salad Sài Gòn - Lê Lai",Iris Nguyễn,5 sao,3 tuần trước,"Thức ăn ngon, phục vụ tốt, không gian sang trọng, phù hợp hẹn hò riêng tư"
"Mr.Saigon - Mì Ý, Salad Sài Gòn - Lê Lai",phú trương,5 sao,4 tháng trước,"Đồ ăn rất okila , nhân viên phục vụ nhiệt tình , không gian quán đẹp , nên trải nghiệm"
Thức Coffee,Tuyen Lam,4 sao,một tháng trước,"Mình ghé quán vào buổi tối, không gian khá rộng, phù hợp để ngồi làm việc/tán gẫu/đọc sách. …"
Thức Coffee,Tư Quốc,3 sao,5 tháng trước,"Không gian quán rộng rãi, có 2 tầng lầu phù hợp với các bạn sinh viên muốn họp nhóm. Có không gian bên trong và ngoài. Tuy nhiên nước pha chế chưa ngon , ngọt nhiều . Mình ngồi tầng 1 đến 9h40 thì nhân viên dọn dẹp bàn và kéo ghế gây ra tiếng động rất là khó chịu."
Thức Coffee,Vũ,4 sao,3 tháng trước,"Nước ngon.
Không gian khá rộng, mát mẻ.
Giá hơi cao so với mặt bằng Gò Vấp.
Dịch vụ ổn."
Thức Coffee,Nhật Minh Nguyễn,5 sao,6 tháng trước,"Thức Coffee Gò Vấp là một quán cà phê kiểu chill chill mà tôi khá ưng. Không gian quán rộng rãi, thoáng mát, có cả tầng trệt và lầu, decor kiểu nhẹ nhàng nhưng vẫn có nét riêng, khá hợp để ngồi làm việc hoặc tụ tập bạn bè tám chuyện. Quán …"
Thức Coffee,Nhât Tiên Trương,5 sao,8 tháng trước,Từ hồi sinh viên mình đã biết đến thức ở quận 1. Hôm nay có dịp ghé qua tuyến đường Nguyễn Thái Sơn và hẹn gặp 1 người bạn ở quán. Không gian thoải mái & đồ uống ngon
Thức Coffee,Trung Bảo Nguyễn,1 sao,2 tháng trước,"Wifi siêu tệ
Cà phê và nước giá cao
Ai muốn ghé thì thôi tạt qua 2Land bên cạnh cho r, ngồi  làm việc mà ức chế phải …"
Thức Coffee,LÊ NAM,2 sao,8 tháng trước,"Đồ uống bình thường
Khu vực dành cho các bạn chạy deadline làm việc mà quầy bar hơi ồn.
Mình và bạn mình có hỏi lên trên lầu để ngồi làm việc cho đỡ ồn thì nhân viên có …"
Thức Coffee,Hai Thiên Niên Kỷ,3 sao,một tháng trước,"Từng là khách quen của quán nhưng chắc sẽ không ghé lại nữa vì một lý do wifi quá tệ. Đi lần nào cũng rớt mạng, không bắt được wifi. Chắc không thể ghé quá được r"
Thức Coffee,Lee Nguyen,5 sao,3 tháng trước,"Góp ý chân thành cho toàn chuỗi Thức Coffee và cả những thương hiệu khác rằng muốn giảm bớt chi phí cho quán thì hãy dặn dò nhân viên điều chỉnh máy lạnh trong quán một cách cân đối, khách đông mở lạnh nhiều, khách vắng thì tăng nhiệt độ …"
Thức Coffee,Hoàng Minh Quân,5 sao,2 năm trước,"Quán mở suốt đêm, cafe và các món nước ở đây cũng ổn, hỗ trợ thanh toán nhiều app khác nhau, thuận tiện cho việc trả tiền của khác. Quán có 2 tầng - tầng trệt và tầng 1 (WC ở tầng 1, khá sạch sẽ) tầng 1 cũng khá rộng có ban công. Không gian cả hai tầng đều ổn phù hợp cho việc học, họp nhóm (do có bàn dài) nhưng nên nói chuyện nhỏ."
Thức Coffee,Nguyễn Thị Phương Uyên,1 sao,6 tháng trước,Nước rất dở decor không đẹp mà thái độ nhân viên từ quầy oder tới phục vụ đều chán
Thức Coffee,Ngọc Tờ Rần,4 sao,2 tháng trước,"Nhân viên, bảo vệ dễ thương, cà phê đậm quá so với mình :))) mình gọi bạc xĩu, giá hơi chát nhưng quán decor chill, đẹp, rủ bạn bè việc nhóm rất hợp"
Thức Coffee,Quan Quoc Nhan - Viet Nam (QQN),4 sao,5 năm trước,"1/ vị trí
Quán nằm ngay mặt tiền đường nên rất dễ tìm thấy. Gần chợ Gò Vấp sắp đến chợ thuộc đường Nguyễn Thái Sơn …"
Thức Coffee,Nguyen Truc,5 sao,một năm trước,"Quán style làm việc, bàn ghế cũng hợp để ngồi làm việc, nhiều bàn và ổ điện đủ 2-3 chấu.
Nước uống order tại quầy và nv bưng đến, vị thì tạm ổn, mức giá này thì vừa phải …"
Thức Coffee,An Hoàng,5 sao,2 năm trước,"Đồ uống của quán tạm ổn, không gian có tầng trệt và trên lầu, trên lầu nếu ngồi ngoài thì hơi nóng,  mình đến chủ yếu là làm việc vs học tập, có bàn lớn phù hợp cho học nhóm."
Thức Coffee,Thanh Nhat Huynh,5 sao,một năm trước,"Mình nói chung thì tuyệt vời trên mọi phương diện ạ, nhưng riêng điểm này mình chưa ưng lắm ở cho nhánh này là nhiều nơi ổ điện hơi lỏng chốt quá, mình rất hay chạy deadline và rất thíc không gian này vì nó phù hợp với mình và khiến tâm …"
Thức Coffee,Phúc Bùi,1 sao,một tháng trước,"wifi yếu
máy lạnh nóng nực, kêu nhân viên không chỉnh sửa
toilet siêu dơ …"
Thức Coffee,Đồng Trần,3 sao,5 năm trước,Lâu rồi mình ko viết bình luận trên foody nhưng nay phải lên cmt. Đầu tiên mình review về đồ uống và bánh: vị vẫn ok như lần trước mình uống (chắc cũng cách đây hơn 1 năm). Lý do mình ít khi ra quán (dù chi nhánh này sát nhà lun) là do quán …
Thức Coffee,namtrung tran,2 sao,4 tháng trước,"Mình rất ngại đánh giá thấp nhưng lần này phải làm, lúc 12h tối hôm nay ở lầu 1 có bạn nam lên dọn bàn ghế kiểu xắp xếp ngay ngắn lại nhưng bạn lại kéo ghế phát ra âm thanh rầm rầm rất to, lần đầu lúc đó còn khoản 3 bàn có khách thì mình …"
Thức Coffee,Bon Vo,5 sao,9 tháng trước,"Quán rất oke bình dân mọi thứ đều rất rõ ràng, view classic không gian rộng rãi phù hợp với mọi người.
Nhân viên từ cấp thấp tới quản lý nói chuyện rất lịch sự, dịch vụ vậy đối với …"
Thức Coffee,Quỳnh Nguyễn,3 sao,4 tháng trước,"Mình đã đi Thức-Hoa Lan rồi nên đợt này thấy gần nhà có nên đi học bài thử và cảm nhận là wifi yêu vô cùng, nghe nhạc trên ytb thôi mà cũng k nổi nói gì là chạy deadline. Nước thì oke, nhà vệ sinh sạch sẽ, nhưng nước suối thì để dưới quầy …"
Thức Coffee,Bùi Tấn Hải,5 sao,3 năm trước,"Không gian yên tỉnh, thoải mái. Không có khói thuốc thích hợp để học tập làm việc. Quán mở xuyên đêm, nhân viên thân thiện. Bảo vệ nhiệt tình. Quán trang trí cũng đẹp. Chất lượng đồ uống rất ổn. Không phải đợi quá lâu, nhà vệ sinh sạch sẽ, bàn ghế gọn. Hệ thống đèn không mỏi mắt. Chổ để xe rộng rãi. Wifi mạnh không giật lag."
Thức Coffee,Mai Thành Tâm,4 sao,6 năm trước,"Quán rộng thoáng mát, menu đa dạng nhưng chỉ mới thử trà sữa táo nên sẽ thử thêm vào đợt sau. Ngoài ra, nhân viên thân thiện chu đáo. Quán rất thích hợp cho việc học cá nhân và cả làm nhóm"
Thức Coffee,Bao HD,4 sao,5 năm trước,"Mặt tiền Nguyễn Thái Sơn cũng dễ tìm. Giữ xe rộng ngay trước cửa chứa được nhiều xe. Quán rộng. Có không gian trên lầu nữa nhưng nói chung decor không đẹp.
Điểm hay là mở cửa 24h nên có thể hẹn bạn giờ khuya nói chuyện thoải mái, hoặc …"
Thức Coffee,Nhung Trần,1 sao,2 tháng trước,"Họp nhóm làm bài tập mà cái ổ điện nó cứ chập chờn k cắm được, 100 ổ như 1 mong chủ quán khắc phục"
Thức Coffee,Tui là anh trai hugo,5 sao,một tháng trước,"Nhân viên thân thiện nhiệt tình,  chị Quản lý( Phương Trang) siêu đáng iu ❤️❤️"
Thức Coffee,NONE DIAMOND,4 sao,6 năm trước,"Quán nằm ngay mặt tiền đường Nguyễn Thái Sơn nhưng ko bị bụi bặm và nắng nóng làm ảnh hưởng,vào bên trong thoáng mát sạch sẽ. Thường ko quá đông khách,chỗ ngồi ko sát nhau nên ko sợ ồn ào ,trừ những lúc bất chợt có nhóm đông người tụ tập …"
Thức Coffee,nguyen de,4 sao,6 năm trước,"Khá yên tĩnh, thích hợp cho những ai cần không gian để học hành và làm việc, giá cả vừa phải. Quán có thiết kế theo phong cách xưa, có khu dành riêng cho những người không thích máy lạnh giống mình. Internet cũng khá ổn định. Good."
Thức Coffee,Nguyễn Văn Kim Hồng,5 sao,3 năm trước,"Đi từ lúc còn học đại học, sau 4 năm quay lại Thức, ngoại trừ không gian được thêm một số vật phẩm trang trí và có thêm các hình thức thanh toán, cách bố trí bàn ghế, phong cách phục vụ, chất lượng nước uống của gần như không có gì thay đổi."
Thức Coffee,phuoc nguyen,5 sao,5 tháng trước,"Chỗ ngồi thoáng mát, cà phê ngon"
Thức Coffee,Phương Nam Đặng,5 sao,một năm trước,"Tôi là 1 khách quen đã nhiều năm tại đây , Thức Coffee Nguyễn Thái Sơn
Đồ uống ngon và không gian ok
Hôm nay đến thì các bạn làm chậm quá …"
Thức Coffee,Mì Chua Cay,5 sao,2 năm trước,"Đầu tiền về chỗ đỗ xe thì mình thấy khá là oke, tới bảo vệ dắt ghi giấy khá là nhiệt tình. Không gian quán tuy không rộng lắm nhưng khá là okeyla, thoáng nhiều không gian. Mình tới đây oder ly cà phê sữa uống khá là được, vì mình là sinh …"
Thức Coffee,Dương Quảng Võ H,1 sao,5 tháng trước,"Quán tệ hơn những ngày mới quá nhiều. Nước lọc phải tự phục vụ, ổ điện thì lỏng lẻo. Thất vọng thật sự"
Thức Coffee,Thanh Tung Nguyen,1 sao,Thời gian chỉnh sửa: 4 năm trước,"Quán càng ngày càng tệ trong khâu quản lý và giữ xe. Săp xếp, nhận bàn không khoa học dẫn đến quán còn chỗ nhưng sẵn sàng từ chối khách do nhân viên giữ xe và quản lý quá lười để sắp xếp xe và bàn."
Thức Coffee,binhduong chothuexetai,5 sao,một năm trước,"Đồ uống okie, lâu lâu có cv thức khuya ra ngồi ổn, máy lạnh, không giang thoáng"
Thức Coffee,kha minh,1 sao,6 tháng trước,"Không gian yên tĩnh,có dán biển “vui lòng kéo ghế nhẹ tay”
Nhưng nhân viên lên dọn dẹp thì kéo đùng đùng . Rất mệt tai"
Thức Coffee,Ngọc Bích,1 sao,2 năm trước,"Quán yên tĩnh, mn vào học tập làm việc mà đc cái Nhân viên nói chuyện giỡn hớt ồn hơn cái chợ, chửi thề vô tư nữa chứ. Chẳng hiểu kiểu gì 🙂 …"
Thức Coffee,Truc Nguyen,5 sao,một năm trước,"Nước không được ngon nhưng mà được cái nhân viên GIA BẢO dễ thương, nhiệt tình thấy xợ 😍 …"
Thức Coffee,Trang Trần,1 sao,6 tháng trước,"Hôm nay lúc tôi vô thì tôi có mang thức ăn vào, nv bảo phòng máy lạnh không được ăn thì tôi okk tôi ra ngoài ăn. Ăn xong tôi lên lầu thì lầu ko có máy lạnh? Có một bạn nhân viên còn thái độ với tôi ra mặt nữa á, và cái tui khó chịu là một …"
Thức Coffee,Leo Pham Trinh,5 sao,một năm trước,"Không gian quá ổn và thoải mái.
Phù hợp để ngồi làm việc, thư giãn"
Thức Coffee,Khanh Phương,1 sao,một tháng trước,"Trải nghiệm tồi tệ. Nước dở, quán dơ, máy lạnh nóng, mạng chậm."
Thức Coffee,Tiến Ngô,4 sao,6 năm trước,Không gian thoáng mát. Quán có nước uống ngon. Nhạc mở nhẹ nhàng và tinh tế. Quán tuy có lúc đông nhưng đa phần không ồn ào như quán khác
Thức Coffee,Quang Tú Trịnh,1 sao,2 năm trước,Bảo vệ ngồi chỉ tay thái độ với khách!!! Dịch vụ kém. Khuyến khích đi 1 2 người chứ ko đi nhiều
Thức Coffee,Thanh Trúc,5 sao,2 năm trước,Đây là quán overnight chạy deadline yêu thích nhất những tháng gần đây của mình. Nước ngon không gian mát mẻ nhà vệ sinh thơm sạch có gương to. Nhân viên dễ thương nhiệt tình! Tầm 1h đêm là mọi người sẽ phải xuống tầng trệt tuy nhiên mình …
Thức Coffee,Ngoc Chu,5 sao,2 năm trước,"Uống rộng, phong cách nhẹ nhàng, cổ điển. Thức uống mình thấy khá ngon. Không gian tương đối yên tĩnh, thích hợp làm việc."
Thức Coffee,Đỗ Ngọc Duy,4 sao,7 năm trước,"Phục vụ lịch sự nhiệt tình, đồ uống cũng ngon, không gian quán đẹp. Nhân viên trông xe chưa dc ok lắm..."
Thức Coffee,Lê Thanh Tiềm,5 sao,6 năm trước,"Không gian đẹp, đồ uống ok. Nhưng mà giá hơi mắc tí, nhưng mà ok á ^^"
Thức Coffee,Thục Trinh Hồ,5 sao,8 năm trước,"Cực thích lemon black tea ở Thức, chua vừa phải, ngọt vừa đủ (vì bản thân mình là người thích đồ chua nên rất thích) có vị thơm đặc trưng. Quán mở xuyên đêm nên ko cần lo giờ giấc đóng cửa, chỉ có điều là quá hơi đông và ồn ào. Mình đến đây đúng dịp black friday nên được giảm giá 30% nên thấy đồ uống đã rẻ lại càng rẻ hơn."
Thức Coffee,Huỳnh Lý,1 sao,6 tháng trước,Quán ko mở máy lạnh cho tầng 1. Ngồi từ 9h sáng đến 14h nhân viên lên nhìn rồi đi xuống.
Thức Coffee,Nam Phan,5 sao,một năm trước,"Nhân viên siêu siêu dễ thương, vui vẻ, nhiệt tình.
Đồ uống lên nhanh."
Nhà hàng Vườn Cau 2,Hieu Vo,5 sao,2 tháng trước,"Cuối tuần vừa rồi mình ghé NHÀ HÀNG VƯỜN CAU 2 (171D Nguyễn Thái Sơn, Gò Vấp) – và thật sự phải nói là tuyệt vời luôn đó cả nhà ơi! 😋 …"
Nhà hàng Vườn Cau 2,Minh Nguyễn Anh,5 sao,3 tháng trước,"Mình vừa ghé Vườn Cau 2 – Nguyễn Thái Sơn và thật sự rất ấn tượng, hoàn toàn xứng đáng 5 sao! Không gian quán rộng rãi, thoáng mát, nhiều cây xanh đúng như tên gọi nên tạo cảm giác gần gũi, dễ chịu. Thiết kế mang phong cách sân vườn, bàn …"
Nhà hàng Vườn Cau 2,Linhh Nm,5 sao,3 tháng trước,"Đồ ăn ngon, đa dạng lựa chọn. Nhân viên phục vụ nhiệt tình, không gian tầng thượng thoáng đãng mát mẻ"
Nhà hàng Vườn Cau 2,Thuy Mai,5 sao,2 tuần trước,"Món ăn ngon vừa miệng, phục vụ tận tình chu đáo, rất đáng để đến nha"
Nhà hàng Vườn Cau 2,Huệ Trịnh thị,5 sao,3 tháng trước,"Mấy người bạn rủ đến nhà hàng ăn sinh nhật đứa bạn, khung cảnh đẹp, phục vụ nhiệt tình, món ăn hợp khẩu vị"
Nhà hàng Vườn Cau 2,Yến Duyên Trần,5 sao,một tháng trước,"Thức ăn ngon, giá hợp lý!!  Mọi người nên ghé ăn nhé!!!"
Nhà hàng Vườn Cau 2,TRONG CAO BUI,5 sao,Thời gian chỉnh sửa: 3 tuần trước,"Nhà hàng vườn cau 2, ngay ngã tư đường Dương Quảng hàm, nguyễn thái sơn, Khung cảnh đẹp, thoáng mát, thức ăn ngon, phục vụ nhiệt tình, dịch vụ xứng tầm, giá trị đích thực hiện nay."
Nhà hàng Vườn Cau 2,Bích Thuận Trương,5 sao,3 tháng trước,"Vô tình được biết đến quán, ghé ăn thử cùng gia đình và đặt bàn nhân dịp họp mặt.
Về lễ tân, chú bảo vệ: Nhiệt tình, dắt tận phòng …"
Nhà hàng Vườn Cau 2,Ongnoi Sydney,5 sao,3 tháng trước,"Món ăn ngon
Giá cả hợp lí
Không gian thoải mái, đẹp
Nhân viên nhiệt tình"
Nhà hàng Vườn Cau 2,Bảo Yến,5 sao,3 tuần trước,"Dịch vụ tốt, các bạn nhân viên nhiệt tình, món ăn 10 điểm"
Nhà hàng Vườn Cau 2,huyen nguyen,5 sao,3 tháng trước,"món ăn ngon, phong cảnh đẹp, phục vụ nhiệt tình chu đáo"
Nhà hàng Vườn Cau 2,Diệu Trần,5 sao,Thời gian chỉnh sửa: 3 tuần trước,"Phục vụ nhiệt tình, món ăn ngon, không gian thoáng mát, rộng rãi. Phù hợp cho đãi tiệc gia đình, ăn uống, tổ chức thôi nôi, tiệc cưới.."
Nhà hàng Vườn Cau 2,Nhàn Nguyễn,5 sao,3 tháng trước,"Đồ ăn ngon, các bạn phục vụ xinh gái, dễ thương, phục vụ nhiệt tình. Không gian thoáng mát, rộng rãi."
Nhà hàng Vườn Cau 2,Văn Tân Mai,5 sao,4 tháng trước,"Chu nhat toi moi đi ăn nhà hàng vuơn cau 2, đúng thoáng mát đẹp, món ăn ngon, nhân viên phuc vụ thân thiên"
Nhà hàng Vườn Cau 2,Giang Vo,5 sao,3 tháng trước,"Món ăn vừa miệng, ngon, phong cách phục vụ khá chu đáo, không gian ấm cúng"
Nhà hàng Vườn Cau 2,Tâm Đann (Dannie),5 sao,3 tháng trước,"Đồ ăn ngon, hợp khẩu vị mọi lứa tuổi, giá cả phải chăng phù hợp, chất lượng xưa giờ vẫn không đổi ❤️‍🔥❤️‍🔥❤️‍🔥❤️‍🔥 …"
Nhà hàng Vườn Cau 2,Phong Phan Xuan,5 sao,3 tháng trước,"Nhà hàng phong cảnh đẹp, phục vụ nhiệt tình chu đáo, món ăn ngon"
Nhà hàng Vườn Cau 2,My Hải,5 sao,2 tháng trước,"nhân viên phục vụ vui vẻ , đồ ăn ngon , không gian thoáng mát"
Nhà hàng Vườn Cau 2,ABTC Company,5 sao,2 tháng trước,"Nhà hàng thoáng mát đẹp, đồ ăn ngon hợp khẩu vị, phục vụ nhiệt tình tốt, dễ thương"
Nhà hàng Vườn Cau 2,Hiếu Vũ,5 sao,3 tháng trước,"Nhà hàng thoáng mát, đẹp đẽ
Nhân nhiệt tình dthuong
Món ăn ngon"
Nhà hàng Vườn Cau 2,DI4S,5 sao,một tháng trước,"Phục vụ tốt, đồ ăn ngon, không gian quán mát mẽ"
Nhà hàng Vườn Cau 2,Phượng Nguyễn Thị,5 sao,một tháng trước,"Món ăn ngon
Nv nhiệt tình
Không gian rộng rãi , thoải mái"
Nhà hàng Vườn Cau 2,Minh Quân,5 sao,2 tháng trước,"Đồ ăn uống ngon, hợp khẩu vị. Nhân viên nhiệt tình"
Nhà hàng Vườn Cau 2,Hương Trần,5 sao,2 tháng trước,"Nhà hàng thoáng mát, view đẹp, đồ ăn ok, giá hợp lý, các bạn nhân viên dễ thương"
Nhà hàng Vườn Cau 2,Phương Nguyễn Huỳnh Hà,5 sao,5 ngày trước,"Vừa mới ăn tiệc với gia đình ở đây, đồ ăn khó ngon, nhân viên thân thiện tận tâm. Không gian thoáng mát sạch sẽ"
Nhà hàng Vườn Cau 2,cuiyun wu,5 sao,3 tháng trước,Món ăn rất ngon & nhân viên phục vụ nhiệt tình.
Nhà hàng Vườn Cau 2,Trang Hồ,5 sao,6 tháng trước,Đây có lẽ là 1 trong những nhà hàng Việt  mà   mình rất ấn tượng khi đến và trải nghiệm tại nhà hàng Vườn Cau2. là một lựa chọn rất xứng đáng cho các cuộc gặp gỡ bạn bè và gia đình. …
Nhà hàng Vườn Cau 2,Tuan Nguyen,5 sao,3 tháng trước,"phục vụ nhiệt tình  chu đáo
không gian quán đẹp thoáng mát …"
Nhà hàng Vườn Cau 2,man nguyen,5 sao,6 tháng trước,Mình có dịp được người bạn mời đến nhà hàng dự tiệc món ăn ngon nên mình hiện tại đang là khách hàng thân thiết của Vườn Cau …
Nhà hàng Vườn Cau 2,Phương Lan Võ,5 sao,2 tháng trước,"Món ăn ngon, phục vụ tốt"
Nhà hàng Vườn Cau 2,Nhung Nguyen,5 sao,3 tháng trước,"Món ăn ngon, nhân viên phục vụ chu đáo, nhiệt tình."
Nhà hàng Vườn Cau 2,Tài Trương Thị,5 sao,một tháng trước,Món ngon phục vụ nhiệt tình chu đáo khủng cảnh đẹp
Nhà hàng Vườn Cau 2,Luật sư Hoàng Thái,5 sao,3 tháng trước,"Không gian rộng rãi, thoải mái
Món ăn ngon
Phục vụ nhiệt tình"
Nhà hàng Vườn Cau 2,TÂN BÌNH PHÁT CTY TNHH TV-TK-XÂY DỰNG,5 sao,3 tuần trước,"Dịch vụ chu đáo, đồ ăn ngon hợp khẩu vị"
Nhà hàng Vườn Cau 2,Ha Thu,5 sao,một tháng trước,"Đồ ăn ngon, nhiên viên phục vụ vui vẻ nhiệt tình"
Nhà hàng Vườn Cau 2,Julia Lê,3 sao,một năm trước,"Điểm cộng:
- Nhà hàng nằm ngay góc ngã tư đường  lớn, dễ tìm
- Không gian rộng rãi, thoáng mát nên có thể tụ họp nhóm bạn/gia đình lớn và …"
Nhà hàng Vườn Cau 2,Quang Advertisement,5 sao,một tháng trước,Các món ngon và phục vụ tận tình
Nhà hàng Vườn Cau 2,Son Truc Nguyen,1 sao,một năm trước,"Mình tổ chức tiệc thôi nôi ở đây, đồ ăn + không gian thì tạm ổn

Tuy nhiên phong cách phục vụ thật sự là KÉM: …"
Nhà hàng Vườn Cau 2,Sao Nguyen,5 sao,2 tháng trước,"Phục vụ chu đáo, món ăn ngon"
Nhà hàng Vườn Cau 2,Bảo Ngân,5 sao,một tháng trước,"Dịch vụ tốt, nhân viên dễ thương, đồ ăn ngon"
Nhà hàng Vườn Cau 2,Oanh HoangLMH,5 sao,một tuần trước,"Đồ ăn ngon, chất lượng phục vụ tốt, phong cảnh đẹp , 10 điểm"
Nhà hàng Vườn Cau 2,My Linh Ho,5 sao,3 tuần trước,"Nhà hàng xứng đáng 5 sao. Lễ tân thân thiện, lần nào đến cũng đc hỗ trợ gọi taxi , book xe cho gia đình và đồ ăn chất lượng, ngon!"
Nhà hàng Vườn Cau 2,Uyen Do,5 sao,một tháng trước,"Nhà mình đãi tiệc phòng VIP 5, rất lịch sự đồ ăn ngon và phục vụ siêu dễ thương. Có chỗ để xe hơi. Khi có tiệc mình luôn yên tâm đặt nhà hàng Vườn Cau 2."
Nhà hàng Vườn Cau 2,Hùng Phan,5 sao,3 tuần trước,"Lần nào đi Sài Gòn cũng ghé nhà hàng dùng bữa. Món ăn ngon hợp khẩu vị dân bến tre như tui, cách đón khách của bạn nữ reception ok nhiệt tình"
Nhà hàng Vườn Cau 2,Trung Nguyễn,5 sao,2 tháng trước,Không gian thoáng mát rộng rãi...đẹp...thoáng mát...đồ ăn ok la...phục vụ tốt :3
Nhà hàng Vườn Cau 2,tiên ngọc,5 sao,3 tháng trước,"Phục vụ nhanh rất hài lòng, đồ ăn ngon"
Nhà hàng Vườn Cau 2,ha le,5 sao,3 tháng trước,"Phục vụ tốt
Thức ăn ngon
Giá cả phải chăng
Sẽ đến lần 2"
Nhà hàng Vườn Cau 2,Phát Nguyễn,5 sao,3 tháng trước,"Đồ ăn oke, phục vụ tốt 😍 …"
Nhà hàng Vườn Cau 2,Kim Trúc,5 sao,3 tuần trước,"Đồ ăn ngon, rộng rãi, đẹp"
Nhà hàng Vườn Cau 2,Quan Huynh,5 sao,2 tháng trước,"Nv nhiet tinh
Nh đẹp
Khong gian thoai mai
Mon an ngon"
Tá Lả Quán - Quán Ăn Ngon Phạm Văn Đông,Nhã Lê,5 sao,4 tháng trước,"Ê phải nói là quán 10 mười ko có gì chê luôn ớ, nhân viên siêu nhiệt tình, dễ thương còn tận tình, phục vụ siêu chu đáo í. Không gian thoáng mát, nhóm mình gọi 2 combo đồ ăn khoảng 11 món gần 1tr5, mà món nào cũng hợp khẩu vị, món nào cũng …"
Tá Lả Quán - Quán Ăn Ngon Phạm Văn Đông,Do Ngoc Han,5 sao,2 tháng trước,"Đồ ăn vừa miệng, nhân viên nhiệt tình, ra món nhanh, nhạc xập xình.
Có nghêu hấp thái vị cay nhiều quá không có mùi nghêu hay sả luôn, chỉ có vị cay chứ không đậm đà. Còn lại đồ ăn ổn, bò ngon."
Tá Lả Quán - Quán Ăn Ngon Phạm Văn Đông,Minh Quang,5 sao,4 tháng trước,"Hôm nay mình đi ăn ở đây rất okila nha , nhân viên trực bàn mình rất nhiệt tình bạn Gia bảo rất okila nha quán nên thưởng nóng"
Tá Lả Quán - Quán Ăn Ngon Phạm Văn Đông,Candy Thao,4 sao,7 tháng trước,Đồ ăn tương đối ổn. Có chương tình beer Tiger tặng quà sinh nhật hấp dẫn. Nằm trên trục đường Phạm Văn Đồng nên cũng hay xảy ra kẹt xe giờ cao điểm. Có tivi lớn xem bóng đá. Nhân viên chuyên nghiệp tận tình
Tá Lả Quán - Quán Ăn Ngon Phạm Văn Đông,Mr Ngọt,4 sao,một năm trước,"📌Điểm cộng: đồ ăn ngon, các bạn nhân viên nhiệt tình, không gian thoáng, đồ ăn lên nhanh
📌Điểm chưa tốt: …"
Tá Lả Quán - Quán Ăn Ngon Phạm Văn Đông,Nguyễn Thế Trân,5 sao,4 tháng trước,"Quán không gian thoáng mát đồ ăn ngon nhân viên siêu nhiệt tình ,nhân viên dễ thương, mọi ngươif nên thửnha"
Tá Lả Quán - Quán Ăn Ngon Phạm Văn Đông,Hoàng Minh Chính,5 sao,4 tháng trước,"Quán thoáng mát , đồ ăn ngon, nhân viên Thương nhiệt tình vui vẻ. Mọi người nên đến trải nghiệm nhé"
Tá Lả Quán - Quán Ăn Ngon Phạm Văn Đông,Tiến Nguyễn Thanh (Ryan),5 sao,4 tháng trước,"Quán rất oke, đồ ăn ngon, các bạn phục vụ thân thiện, dễ thương, sẽ đến tiếp."
Tá Lả Quán - Quán Ăn Ngon Phạm Văn Đông,Ngọc Trinh Nguyễn,4 sao,Thời gian chỉnh sửa: 2 năm trước,"Đồ ăn ngon hợp khẩu vị với mình, riêng món răng mực ăn có mùi (không tươi), giá cả ổn. Nhân viên phục vụ nhiệt tình, lên món nhanh.
Không gian quán rộng rãi thoáng mát.
Có dịp vào Sài Gòn mình sẽ lại ghé quán"
Tá Lả Quán - Quán Ăn Ngon Phạm Văn Đông,Xuyen Phung,4 sao,5 tháng trước,Thức ăn ngon giá bình dân phục vụ tốt nhân viên vui vẻ nhiệt tình đã đến 16/8/2025
Tá Lả Quán - Quán Ăn Ngon Phạm Văn Đông,Zen,5 sao,2 năm trước,"🍲 Hiếm có quán nhậu nào đồ ăn ngon đều như vậy. Hầu hết các đều khá ngon, hợp vị, tươi. Món mực xé chiên với khoai môn làm mồi nhậu hợp lý kinh. Trang trí món ăn cũng rất bắt mắt. …"
Tá Lả Quán - Quán Ăn Ngon Phạm Văn Đông,Nguyen Mau Luu,4 sao,2 tuần trước,Ngoài việc có nhân viên khó chịu khi được yêu cầu làm đồ ăn theo ý của thực khách thì những hạng mục khác đều tốt.
Tá Lả Quán - Quán Ăn Ngon Phạm Văn Đông,Hoang Minmin,4 sao,một năm trước,"Phục vụ dễ thương, món cơm chiên ngon xỉu luôn á. Các món nhậu hợp khẩu vị mình."
Tá Lả Quán - Quán Ăn Ngon Phạm Văn Đông,Dat Cao,5 sao,4 tháng trước,"Phục vụ dễ thương , món ăn ngon , không gian thoáng  rất là ok"
Tá Lả Quán - Quán Ăn Ngon Phạm Văn Đông,Tuấn Đức,5 sao,4 tháng trước,"Nhân viên: Ngọc Hảo dethuong, nhiệt tình, món ăn ngon, 10đ"
Tá Lả Quán - Quán Ăn Ngon Phạm Văn Đông,Như Quỳnh,5 sao,4 tháng trước,"Nhân viên nhiệt tình, vui vẻ. Đồ ăn ngon. View rất chill nha"
Tá Lả Quán - Quán Ăn Ngon Phạm Văn Đông,Hoàng SEO Võ Việt,5 sao,một năm trước,"Đồ ăn ngon, không gian quán mát mẻ, rộng rãi. Anh chị nhân viên phục vụ nhiệt tình lắm. 5 sao nha♥️♥️♥️"
Tá Lả Quán - Quán Ăn Ngon Phạm Văn Đông,DONG TRAN,5 sao,4 tháng trước,"Đồ ăn ngon, giá phải chăng, pv nhiệt tình - chu đáo. Duyệt"
Tá Lả Quán - Quán Ăn Ngon Phạm Văn Đông,Thư Nguyễn,4 sao,một năm trước,"Quán rộng rãi thoáng, phục vụ nhiệt tình chu đáo. Đồ ăn của quán ngon hợp khẩu vị, giá tầm trung theo mình thì giá ổn so với chất lượng"
Tá Lả Quán - Quán Ăn Ngon Phạm Văn Đông,Nhi Lang Thang,4 sao,một năm trước,"Không gian thoáng, mát mẻ. Nhân viên phục vụ dễ thương, nhiệt tình! Có điều thức ăn ngọt quá, lẩu nướng xào gì cũng ngọt, chắc đầu bếp miền tây😝 …"
Tá Lả Quán - Quán Ăn Ngon Phạm Văn Đông,Diệu Duyên Dương,5 sao,4 tháng trước,"Đồ ăn lên nhanh, ngon; đội ngũ nhân viên chỉn chu, nhiệt tình, dễ thương; mình sẽ tiếp tục ghé quán thường xuyên ❤️"
Tá Lả Quán - Quán Ăn Ngon Phạm Văn Đông,Thiên Hương Nguyễn,5 sao,4 tháng trước,"Quán ngon , phục vụ dễ thương"
Tá Lả Quán - Quán Ăn Ngon Phạm Văn Đông,Nhomkinhlonhtu Nhomkinhlongtu,5 sao,một năm trước,"Đồ ăn hợp khẩu vị đa dạng món ngon
Nhân viên phục vụ tận tình
Không khí thì khỏi phải bàn trải nghiệm đi anh em."
Tá Lả Quán - Quán Ăn Ngon Phạm Văn Đông,Duy Thanh Do,5 sao,5 năm trước,"Tá Lả quán có không gian rộng thoáng ngay gần Emart khá thuận tiện để tụ tập với bạn bè. Menu đa dạng, khẩu vị ngon và có sự chỉnh chu trong bài trí món ăn. Nhân viên ở đây lịch sự và nhiệt tình. Các món trên hình đều hấp dẫn và đáng thử nhé"
Tá Lả Quán - Quán Ăn Ngon Phạm Văn Đông,Thành Luân Official,5 sao,4 tháng trước,Quán không gian thoáng máy đồ ăn ngon sạch sẽ nhân viên thì nhiệt tình chu đáo rất  xứng đánh để trải nghiệm🥰 …
Tá Lả Quán - Quán Ăn Ngon Phạm Văn Đông,Tuan Nguyen Manh,2 sao,11 tháng trước,"Món ăn không đúng với tên gọi. Tôi đã gọi món Mực Trứng Chiên Mắm, nhưng khi bếp mang ra thì lại là mực ống cắt khoanh chiên mắm. Ít mực, nhiều tóp mỡ, nhiều hành tây."
Tá Lả Quán - Quán Ăn Ngon Phạm Văn Đông,Phuong Vo,4 sao,3 năm trước,"Quán đồ ăn hơi đắt.
Phục vụ ổn. Không gian nhậu phù hợp với nhóm bạn bè, tổ chức sinh nhật."
Tá Lả Quán - Quán Ăn Ngon Phạm Văn Đông,Nhân Nguyễn,5 sao,4 tháng trước,"Quán rất ok
NV phục vụ rây nhiệt tình"
Tá Lả Quán - Quán Ăn Ngon Phạm Văn Đông,Linh Nguyen Bao,5 sao,một năm trước,"Đồ ăn ngon, giá cả phải chăng. Nhân viên phục vụ nhiệt tình. Không gian rộng rãi, thoáng mát. Nhà vệ sinh sạch sẽ. Thích hợp đi liên hoan, tiệc tùng cùng gia đình và bạn bè."
Tá Lả Quán - Quán Ăn Ngon Phạm Văn Đông,Alibaba Nguyễn,1 sao,2 năm trước,Không gian quán tạm ổn. Được. Đẹp. Nhưng đồ ăn thì dở. Nghêu cát k. Giá đắt. Lẩu tá lả tưởng lẩu cá viên chiên.
Tá Lả Quán - Quán Ăn Ngon Phạm Văn Đông,Quang Lê,3 sao,một năm trước,"Quán ko nhộp nhịp, giá ko bình dân, có phụ thu khi mang đồ uống bên ngoài vào"
Tá Lả Quán - Quán Ăn Ngon Phạm Văn Đông,Phước Nguyễn Ngọc,5 sao,4 tháng trước,"Món ăn ngon , phục vụ nhiệt tình vui vẻ , không gian thoáng mát Ok em ở đó lên đó ok"
Tá Lả Quán - Quán Ăn Ngon Phạm Văn Đông,Quyên Lê,5 sao,Thời gian chỉnh sửa: 2 năm trước,"Đồ ăn ngon , giá cả phải chăng
Quá là ok la"
Tá Lả Quán - Quán Ăn Ngon Phạm Văn Đông,Hương Thảo (Anna),5 sao,2 năm trước,"- Không gian rất Thoáng
- Nhân viên rất nhiệt tình và nhanh nhẹn
- Đồ ăn hợp khẩu vị"
Tá Lả Quán - Quán Ăn Ngon Phạm Văn Đông,Thúy Nguyễn,5 sao,4 tháng trước,"Nhân viên phục vụ tận tình, vui vẻ."
Tá Lả Quán - Quán Ăn Ngon Phạm Văn Đông,Resmed DigiMed,4 sao,một năm trước,Quán ăn đông vui. Mấy bạn nữ phục vụ xinh. Giá cả cao hơn các quán khác
Tá Lả Quán - Quán Ăn Ngon Phạm Văn Đông,Thủy Nguyễn Thị Thu,5 sao,4 tháng trước,Quán ăn ngon náo nhiệt nhạc hay
Tá Lả Quán - Quán Ăn Ngon Phạm Văn Đông,Diệu Linh,1 sao,6 tháng trước,"Nhân viên quán không niềm nở và cũng không tôn trọng khách hàng, đặc biệt là con nít. Đồ ăn món mặn món nhạt, hiểu sao quán vắng."
Tá Lả Quán - Quán Ăn Ngon Phạm Văn Đông,triet pham,5 sao,4 tháng trước,Quán ăn ngon không gian thoág mat thoải mái rất xứng đáng để trải nghiệm
Tá Lả Quán - Quán Ăn Ngon Phạm Văn Đông,Anh Anh,5 sao,4 tháng trước,"Nhân viên nhiệt tình, chu đáo"
Tá Lả Quán - Quán Ăn Ngon Phạm Văn Đông,doan chinh,1 sao,4 tháng trước,"Vào quán ngồi 45 p lên dc 1 dĩa rau , các món khác thì nv nói lộn với bàn khác ."
Tá Lả Quán - Quán Ăn Ngon Phạm Văn Đông,Tùng Nguyễn,5 sao,4 tháng trước,"Đồ ăn đa giạn, giá cả vừa túi tiền . Đồ ăn khá ngon ,nên thử nha mn"
Tá Lả Quán - Quán Ăn Ngon Phạm Văn Đông,Nhớ Hoàng,5 sao,4 tháng trước,"Quán ăn ngon, nhân viên dễ thương"
Tá Lả Quán - Quán Ăn Ngon Phạm Văn Đông,bảo gia,5 sao,4 tháng trước,Quán ăn ngon phục vụ nhiệt tình không có điểm nào chê luôn ❤️
Tá Lả Quán - Quán Ăn Ngon Phạm Văn Đông,Đỗ Lanh,5 sao,4 tháng trước,"Món ăn ngon, phụ vụ nhiệt tình chuyên nghiệp, không gian thoáng mát"
Tá Lả Quán - Quán Ăn Ngon Phạm Văn Đông,Bích Tuyền Trương Thị,5 sao,4 tháng trước,"Quán nhỏ nhỏ xinh xinh dễ thương, phục vụ nhiệt tình. Sẽ ủng hộ nhiều lần nhé"
Tá Lả Quán - Quán Ăn Ngon Phạm Văn Đông,Tuấn Nguyễn Đình,5 sao,4 tháng trước,Quán quá vui! Quá tuyệt vời! Món ăn ngon! Nhân viên quá dễ thương! 5 sao!
Tá Lả Quán - Quán Ăn Ngon Phạm Văn Đông,Nghĩa Trường,5 sao,4 tháng trước,"quán rất thoáng mát
nhân viên rất là ok. nhiệt tình"
Tá Lả Quán - Quán Ăn Ngon Phạm Văn Đông,Hiếu Huỳnh,5 sao,3 tháng trước,"Quán ngon , rẻ , nhân viên nhiệt tình vui vẻ"
Tá Lả Quán - Quán Ăn Ngon Phạm Văn Đông,asd dsa,5 sao,4 tháng trước,Quán đồ ăn ngon nhân viên siêu nhiệt tình phục vụ tốt
Tokyo Soy Ramen CN Gò Vấp,Tuyen Lam,4 sao,2 tháng trước,"Đồ Nhật thì nói chung cũng ok giá thì hợp lý, món sashimi có lát k tươi mấy, được cái là mấy bạn sinh viên phục vụ rất là ok dễ thương kute hột me nè"
Tokyo Soy Ramen CN Gò Vấp,LiLa Đặng,4 sao,2 tháng trước,"Ăn lâu rồi mới review.
1. Vị trí: nằm ở mặt tiền nhưng hơi khuất bên trong chạy ngang rất dễ hụt.
2. Không gian: không rộng lắm, bếp mở nên dễ ám mùi vào người. …"
Tokyo Soy Ramen CN Gò Vấp,Anh Quỳnh,5 sao,2 tháng trước,Nên ăn nha mng mình iu quán luôn rùi . Ngon lớm nên thử nha nhân viên ở đây mình chấm 10/10 thái độ phục vụ tốt là 1 phần giúp mình thấy món ăn ngon hơn nên thử mng ạ iuuuu
Tokyo Soy Ramen CN Gò Vấp,Tran Nguyen Ngoc,4 sao,3 tháng trước,"Giá khá cao, ramen khoảng từ 120k đổ lên, có mấy món trong tờ rời kiểu như chạy chương trình khuyến mãi thì rẻ hơn chút.
Giá đã có VAT, trong menu như nào trả như vậy. …"
Tokyo Soy Ramen CN Gò Vấp,hkhang nè,5 sao,2 tháng trước,"đồ ăn cực kì ngon so với khẩu vị nhật bản, các bạn nhân viên vô cùng niềm nở và thân thiện. 10 trên 10"
Tokyo Soy Ramen CN Gò Vấp,Triet Nguyen,5 sao,7 tháng trước,"Quán ăn ngon, mình ăn dịp có chương trình, 1 tô tầm là từ 100k -150k. làm 1 tô là ăn no ứ hự. cửa hàng mặt tiền, dễ tìm.  quán ăn sạch sẽ và nhân viên vô cùng thân thiện."
Tokyo Soy Ramen CN Gò Vấp,Phương Uyên 05 -,5 sao,3 tháng trước,"Đến ăn một lần và rất hài lòng từ khẩu vị đến phục vụ của nhân viên, lần đầu tiên mình ăn thử món nhật, cứ sợ ko hợp khẩu vị nhưng mà hợp hong tưởng, nvien cũng rất dễ thương sẽ quay lại lần 2"
Tokyo Soy Ramen CN Gò Vấp,Trâm Lý,5 sao,2 tháng trước,"Mình thấy đồ ăn ổn, giá cả phải chăng và không gian thoải mái, thoáng mát"
Tokyo Soy Ramen CN Gò Vấp,Huyền Nguyễn,5 sao,8 tháng trước,"Mình đi buổi tối, quán khá vắng nhưng các bạn nhân viên và cả chú bảo vệ đề rất nhiệt tình. Lên món tầm 15p. Xuất sắc nhất là ramen, rất đầy đặn. Nước dùng đậm đà và cay, không bị mặn đâu. Thịt và rau củ ăn kèm cũng ngon nữa. Mong quán sẽ đông khách hơn"
Tokyo Soy Ramen CN Gò Vấp,Đình Trường Nguyễn,3 sao,5 tháng trước,"Quán sạch sẽ lịch sự, nhân viên phục vụ tư vấn nhiệt tình.
Mình gọi mì Ramen Tan Tan đùi gà thì thấy nước dùng với mì ngon, topping ok mà thấy hơi ít. …"
Tokyo Soy Ramen CN Gò Vấp,Thanh,5 sao,một năm trước,"- Không gian bếp mở, ấm cúng, rộng rãi.
- Nhân viên phục vụ nhiệt tình, thân thiện. Bác bảo vệ cũng dễ thương luôn.
- Lần đầu đến, cảm quan thấy đồ ăn rất ngon, vừa miệng hợp khẩu vị. Đi 20/10 …"
Tokyo Soy Ramen CN Gò Vấp,Minh Minh,5 sao,một năm trước,"Mình khá thích không gian quán này, bạn nhân viên thì dễ thương, tư vấn rất nhiệt tình. Giá cả mình thấy cũng ok."
Tokyo Soy Ramen CN Gò Vấp,3C Thuận,5 sao,6 tháng trước,"Ramen ngon, nhân viên nhiệt tình, có bảo vệ giữ xe cho luôn nha. Lần đầu tiên ăn ramen của mình, cảm giác rất oke."
Tokyo Soy Ramen CN Gò Vấp,Thái Nguyên Nguyễn,5 sao,11 tháng trước,"Lần thứ 3 mình quay lại quán, nhân viên nhiệt tình, phục vụ món ăn nhanh và tư vấn nhiệt tình, giao tiếp nhẹ nhàng, dễ mến"
Tokyo Soy Ramen CN Gò Vấp,Anh Thư Nguyễn Ngọc,5 sao,2 tháng trước,Ramen cuốn lắm mng ạ ăn 1 miếng là muốn ăn miếng thứ hai . Dịch vụ và quán 10/10
Tokyo Soy Ramen CN Gò Vấp,Uyên Nguyễn,3 sao,một năm trước,"Quán không gian lịch sự, rộng rãi thoải mái. Món ăn hơi nhạt so với mình, ăn cũng được chưa ấn tượng lắm, cho 6-7/10. Khoai tây lắc phô mai ngon. Nước ổn.
Nhân viên, bảo vệ giữ xe vui vẻ lịch sự. Tổng chi phí khi gọi 2 phần ramen, 2 li nước tổng 396K."
Tokyo Soy Ramen CN Gò Vấp,Dầu Gió Thái,5 sao,một năm trước,"Trên đường đi phượt về thèm mì Ramen nên đành ghé ngang SG để tới ăn thử.
Thấy quán nhiều lượt bình chọn quá nên cũng khá tò mò.
Phía ngoài quán hơi khuất 1 xíu do kế bên bảng hiệu che chắn quá. Lúc chạy tới …"
Tokyo Soy Ramen CN Gò Vấp,Hannah Duong,3 sao,6 tháng trước,"Ưng ý: tan tan ramen ngon, nước dùng béo ngậy đậm vị, sợi mì dai, topping ăn kèm đầy đặn …"
Tokyo Soy Ramen CN Gò Vấp,Thuy Ha Pham,2 sao,một năm trước,"Ưu điểm : Không gian quán rộng rãi thoải mái, thoáng khí, quầy bếp mở. Tô ăn ramen đẹp, ramen giá mềm. …"
Tokyo Soy Ramen CN Gò Vấp,Lương Mỹ Tiên,4 sao,11 tháng trước,"Không để lại ấn tượng quá nhiều, nước dùng hơi nhạt so với khẩu vị của mình, gyoza mang ra bị nguội ~> giảm cảm giác khi ăn, mong quán cải thiện, tuy nhiên nước ok nha"
Tokyo Soy Ramen CN Gò Vấp,Minh Thành Nguyễn,5 sao,một tháng trước,"Mì Ramen ăn ngon, nấu đậm vị."
Tokyo Soy Ramen CN Gò Vấp,Quân Bùi Anh,5 sao,một năm trước,"Quán có không gian thoáng mát và mát mẻ, được thiết kế theo phong cách Nhật Bản. Anh chủ quán, đồng thời là đầu bếp, rất vui tính và nhiệt tình, tạo cảm giác thoải mái cho khách. Nhân viên phục vụ cũng rất nhiệt tình và chu đáo. …"
Tokyo Soy Ramen CN Gò Vấp,Ito Itou,5 sao,một năm trước,"Vị trí quán ở mặt tiền PVT nhưng hơi khuất sau mấy biển treo mát xa nên các bạn nên chú ý kẻo đi lố. Bù lại không gian quán bên trong khá rộng rãi ấm cúng, đồ ăn và nhân viên phục vụ cũng nhanh. Ramen ở đây nước dùng ngon, thịt cũng nêm vừa vị, theo mình là ok đáng trải nghiệm hen."
Tokyo Soy Ramen CN Gò Vấp,meo meo,5 sao,9 tháng trước,"qlai lần 2, rcm ăn tantan ramen ngon nha (trong th4 đang tặng há cảo chiên + trà lúa mạch). Sashimi cá hồi cắt lát siêu bự + dày vừa đủ nma k dc tươi lắm :( wasabi k nồng"
Tokyo Soy Ramen CN Gò Vấp,Hà Lê,4 sao,một năm trước,"Đồ ăn ngon miệng, phục vụ ok, nên thử"
Tokyo Soy Ramen CN Gò Vấp,Vũ,5 sao,một năm trước,"Đồ ăn ngon, phục vụ nhanh, nhân viên niềm nở, sẽ quay lại lần 2"
Tokyo Soy Ramen CN Gò Vấp,Mỹ Linh Võ Phương,5 sao,một năm trước,"Mình ghé quán thấy bầu không khí rất ấm cúng với ánh đèn vàng cảm giác rất gia đình. Đồ ăn khá tốt, mình khá ngạc nhiên vì nước dùng rất vừa không quá mặn. Đánh giá nên thử cho 1 cuối tuần đi cùng gd vs bn bè ❤️"
Tokyo Soy Ramen CN Gò Vấp,Trần My,5 sao,2 tháng trước,"Đồ ăn ngon, giá cả phải chăng, không gian quán sạch sẻ, yên tĩnh."
Tokyo Soy Ramen CN Gò Vấp,Lê Nhiên,5 sao,8 tháng trước,"Vô tình vào quán thôi nma chắc sẽ quay lại dài dài.
Lúc đầu mình định ăn gà rán cơ, nma hết, thế là search thấy có quán này gần thì lại ăn. …"
Tokyo Soy Ramen CN Gò Vấp,Ngoc Yen Luu,4 sao,3 tuần trước,"1 phần ăn khá lớn, đầy đặn, trang trí đẹp. Salad cá hồi vị ngon. Món mì Ramen nước dùng béo nhưng quá mặn. Giá cả hơi cao."
Tokyo Soy Ramen CN Gò Vấp,Thư Minh,5 sao,2 tháng trước,"Đồ ăn ngon, hợp giá tiền"
Tokyo Soy Ramen CN Gò Vấp,リンちゃん,5 sao,một năm trước,"Tantan ở đây giống vị bên Nhật nhất mà chồng mình đã ăn nên ổng khen. Còn mình thì thấy k mặn như những quán khác, chắc do công thức riêng từng quán. Anw đồ ăn còn phải phụ thuộc vào khẩu vị nữa nên mình sẽ ưu tiên rcm dịch vụ. Chu đáo từ …"
Tokyo Soy Ramen CN Gò Vấp,phuc nguyen,5 sao,3 tháng trước,Đồ ăn ổn không gọi là suất sắc được. Quán có chương trình tăng nước chanh nhưng khách hỏi thì báo không có. Sau khi thanh toán bill hết 3tr thì ra ngoài vẫn thấy bảng tặng nước chanh.
Tokyo Soy Ramen CN Gò Vấp,Linh Đỗ Thị Mỹ,5 sao,một năm trước,"Đồ ăn ngon, rất vừa miệng, các bạn nhân viên dễ thương"
Tokyo Soy Ramen CN Gò Vấp,Vân Phạm Thị,5 sao,một năm trước,"Đồ ăn hôm nay rất ngon. Khoảng 7-8 món tôi gọi dđều xuất sắc. Tôi đã từng gắn bó với nhà hàng này mấy năm nhưng sau tôi bỏ lâu lắm rồi vì đồ ăn ngày càng dở tệ và rất tiếc mỗi lần muốn ăn món Nhật tui phải lên tận quận 1. Nhưng có lẽ, tôi sẽ quay trở lại tiếp tục ủng hộ nhà hàng vì sự nâng cấp chất lượng món ăn như lần này!"
Tokyo Soy Ramen CN Gò Vấp,Quốc Vương,2 sao,4 tháng trước,"Đồ ăn ok.
Giá cao so vs mặt bằng.
1 tô giá cỡ 80k là quá lắm. Giá cao nhưng ko gian, dịch vụ ko tương xứng."
Tokyo Soy Ramen CN Gò Vấp,Quyên phan,5 sao,một năm trước,"Đáng để trải nghiệm, không gian thoáng mát, phục vụ lịch sự, ấn tượng với bếp mở.
Siêu thích vì thực phẩm tươi-)"
Tokyo Soy Ramen CN Gò Vấp,SMICT,5 sao,một năm trước,"Đồ ăn ngon, nhân viên nhiệt tình"
Tokyo Soy Ramen CN Gò Vấp,Theseus,4 sao,2 năm trước,"Quán khá ổn, không gian rộng rãi thoáng mát. Giá cả cũng khá okay so với các quán đồ Nhật. Hôm mình tính tiền mang nhầm món, tính sai bill 2 lần."
Tokyo Soy Ramen CN Gò Vấp,GDestiny,5 sao,một năm trước,"Quán rộng rãi, sạch sẽ. Đồ ăn ngon và chất lượng. Nhân viên dễ thương, chú bảo vệ nhiệt tình"
Tokyo Soy Ramen CN Gò Vấp,Sơn Trịnh,4 sao,2 năm trước,This japan restaurant is quite hard to find despite it located in the main road. The taste is ok but it’s likely japan dishes but Vietnamese taste. May be it will be fitted for people who want to trying japan food first time. For this …
Tokyo Soy Ramen CN Gò Vấp,Trang Bùi,4 sao,2 năm trước,"Sáng 10h30 quán mới bắt đầu mở cửa, ko gian bếp mở có thể nhìn thấy đầu bếp làm đồ ăn, tuy nhiên nhìu lúc ngồi sát mùi dầu mỡ khoe chịu.
Theo chia sẻ thì đồ ăn được nhập mới mỗi nhày nên ăn rất tươi, hôm mik đi sớm cá …"
Tokyo Soy Ramen CN Gò Vấp,Hana Chen,1 sao,một năm trước,"Thấy review tận 4.9 nên cũng hào hứng đi ăn ramen, ai nhè dở đến độ ăn không nổi bỏ luôn. Mình kêu ramen tantan và toku. Tantan ăn rất ngon nha, vị đậm đà thơm. Nhưng mà toku thất vọng quá, chỉ có vị muối mặn thôi không có vị gì nữa. Cọng …"
Tokyo Soy Ramen CN Gò Vấp,Trang Phan Nguyễn Thiên,5 sao,8 tháng trước,"giá trung bình cao nha nma phần ăn đầy đặn, hợp khẩu vị, nhân viên dth"
Tokyo Soy Ramen CN Gò Vấp,Hà Trần Cẩm,5 sao,một năm trước,"Nước dùng ngon
Mình đã quay lại lần hai
Nhân viên không chủ động mang khăn ướt hoặc bất kì cái gì có thể lau mồm ra"
Tokyo Soy Ramen CN Gò Vấp,Toan Nguyen,5 sao,một năm trước,"Ramen ăn vừa vị, mình đc km nước chanh nữa…quán nhìn sạch sẽ vệ sinh…5 saoooo"
Tokyo Soy Ramen CN Gò Vấp,Chau TRAN,4 sao,một năm trước,"145k cho 1 tô mì Miso cay gồm ba chỉ heo, nửa trứng luộc, rau cải. Giá rẻ hơn món Hàn, dù vẫn hơi cao so với mặt bằng chung. Vị súp miso nhạt vừa phải, gần gần đạt được vị tô mì ở mấy quán hẻm 15 Thái Văn Lung q1."
Tokyo Soy Ramen CN Gò Vấp,Hoa giản đơn Hãy sống một cuộc sống đơn giản,5 sao,một năm trước,Đến lần ba và sẽ còn nữa. Mình và anh bạn ăn thấy hợp vị nên hay ghé. Một tô cũng khá lớn ăn hai người nếu đã ăn dặm trc.
Tokyo Soy Ramen CN Gò Vấp,Nguyen Quan,5 sao,2 năm trước,"đồ ăn ngon, nhân viên nhiệt tình, chu đáo"
Tokyo Soy Ramen CN Gò Vấp,Lệ Phạm,5 sao,một năm trước,"Món ăn ngon, hợp khẩu vị của các bạn trẻ nhà mình. Sẽ quay lại ủng hộ quán lần sau"
"Quán Ăn Gia Đình Trường Thanh Quán - Cơm Chiên, Mì Xào",Hiếu Lê,5 sao,2 tuần trước,"Quán nhìn sạch sẽ, có không gian bên ngoài và bên trong. Mình thích ngồi ngoài vì mát và thoáng hơn. Nhiều món, đa dạng, ăn ngon, no, giá hợp lý"
"Quán Ăn Gia Đình Trường Thanh Quán - Cơm Chiên, Mì Xào",Thành Tín Nguyễn,5 sao,8 tháng trước,"Nhà mình gần đây ngày nào mình cũng ăn Truong Thanh quán và thực sự rất ấn tượng từ món ăn cho đến cung cách phục vụ.
Đặc biệt là menu có rất đa dạng món ăn (món nào cũng có) …"
"Quán Ăn Gia Đình Trường Thanh Quán - Cơm Chiên, Mì Xào",Phạm Hải,5 sao,8 tháng trước,"Tôi 1 lân được bạn rủ tới quán ăn Trường Thanh này , mà thiệt sự bất ngờ vì món nào cũng ngon xuất sắc luôn! Tụi mình gọi món thịt bò sốt tiêu đen và món cá lóc kho tộ – món nào cũng nóng hổi, nêm nếm đậm đà, nguyên liệu tươi mà trình bày …"
"Quán Ăn Gia Đình Trường Thanh Quán - Cơm Chiên, Mì Xào",Smith An (Quỳnh An),5 sao,7 tháng trước,"Quán cơm ngon, giá hơi chênh vs mặt bằng chung nhưng xứng đáng nhé. Hôm trc gọi đồ ăn xong lên quá tr đồ ăn lun. Rất vừa miệng, nhìn khá sạch sẽ, chén đũa okla ko bị dơ như 1 vài quán khác. Ăn ở đây trên 3 lần rồi, sẽ quay lại"
"Quán Ăn Gia Đình Trường Thanh Quán - Cơm Chiên, Mì Xào",Thịnh Nguyễn,5 sao,7 tháng trước,"Ngày nào cũng ra đây ăn cơm, thức ăn order r mới chế biến, cơm ngon, phục vụ vui vẻ, okela"
"Quán Ăn Gia Đình Trường Thanh Quán - Cơm Chiên, Mì Xào",Duyên Diệp Thị Trương,5 sao,7 tháng trước,"Trong công ty mình hay đặt cơm trưa ở đây, thấy rất oki nên sau mình có ghé ăn tại quán, đồ ăn nêm nếm vừa phải hợp khẩu vị của mình, mình thấy không gian quán khá sạch sẽ phần ăn dc trình bày gọn gàng, sạch sẽ là mình thấy ưng rồi, buổi …"
"Quán Ăn Gia Đình Trường Thanh Quán - Cơm Chiên, Mì Xào",Anh Thư Lê Trần,5 sao,7 tháng trước,"10 điểm không có nhưng. Quán cơm gia đình món ăn vừa miệng, trình bày sạch sẽ, giá cả hợp lý, rất đáng thử nha cả nhà."
"Quán Ăn Gia Đình Trường Thanh Quán - Cơm Chiên, Mì Xào",thao phan,3 sao,một năm trước,"Mình mới ghé quán hôm nay, mình gọi phần cơm 45k mà nhìn đĩa hơi chán, 2,3 miếng mực, 1 miếng cá viên, 1 con tôm, dưa leo. Thấy ghibtrong menu t2 dc miễn phí canh rong biển mà hỏi thì quán kêu ko có. Muỗng đũa khá dơ, nhớt. Ghé ăn 1 lần thôi ạ 🤣 …"
"Quán Ăn Gia Đình Trường Thanh Quán - Cơm Chiên, Mì Xào",Thành Đạt,5 sao,6 tháng trước,"🍲 Trường Thanh Quán thật sự là một điểm đến tuyệt vời cho những ai yêu hương vị truyền thống. Món ăn đậm đà, vừa miệng, nguyên liệu tươi và được chăm chút kỹ lưỡng. Không gian sạch sẽ, thoáng mát, tạo cảm giác gần gũi như đang ăn cơm nhà. …"
"Quán Ăn Gia Đình Trường Thanh Quán - Cơm Chiên, Mì Xào",Kashima Kun,5 sao,7 tháng trước,"Lần đầu ăn là rất lâu rồi, nay quay lại, ghiền nha.
Dĩa nào dĩa nấy quá trời. Sẽ dẫn gia đình quay lại nhiều lần nữa…"
"Quán Ăn Gia Đình Trường Thanh Quán - Cơm Chiên, Mì Xào",Diệp Lê,5 sao,7 tháng trước,"tui tới đây ăn nhieu lần rùiii đồ ăn ngon, mà còn rẻ, sạch sẽ, nhân viên chu đáo, tui siuu thích với lại gần nhà, sẽ còn quay lại nhieu lần, mng ăn thử iii nhaaa"
"Quán Ăn Gia Đình Trường Thanh Quán - Cơm Chiên, Mì Xào",Đạt Đào Thế,5 sao,6 tháng trước,"Đồ ăn ngon, chị nhân viên nhiệt tình chu đáo hay cười đáng iu 😍 …"
"Quán Ăn Gia Đình Trường Thanh Quán - Cơm Chiên, Mì Xào",Nguyễn Phú Quý,5 sao,một năm trước,"Đồ ăn ngon, giá hơi cao nhưng đổi lại chất lượng, nhân viên dễ thương, bếp ra món nhanh, không gian rộng rãi, sạch sẽ, thoáng mátt..."
"Quán Ăn Gia Đình Trường Thanh Quán - Cơm Chiên, Mì Xào",Người Dùng,5 sao,8 tháng trước,"Mình có dịp chạy ngang quán quài nên có ghé ăn thử , và bây giờ mình là khách mối ở đây luôn
Mình là nv văn phòng nên ăn ở đây giá cả rất hợp lý . 30->55kmột phần ăn như vầy …"
"Quán Ăn Gia Đình Trường Thanh Quán - Cơm Chiên, Mì Xào",Tấn Tài Nguyễn,5 sao,7 tháng trước,"đồ ăn làm theo order tại quán, ngon, giá hợp lý, mấy bé phụ vụ dễ thương cute"
"Quán Ăn Gia Đình Trường Thanh Quán - Cơm Chiên, Mì Xào",Minh Nguyễn,5 sao,8 tháng trước,"Món nào cũng vừa miệng, nêm nếm đậm đà như mẹ nấu. Không gian quán sạch sẽ, ấm cúng, nhân viên dễ thương."
"Quán Ăn Gia Đình Trường Thanh Quán - Cơm Chiên, Mì Xào",Luong Ha,5 sao,7 tháng trước,"Đồ ăn ngon, nhân viên thân thiện, sẽ ghé thường xuyên!"
"Quán Ăn Gia Đình Trường Thanh Quán - Cơm Chiên, Mì Xào",Vy,1 sao,một năm trước,"cơm gà 35k mà gà nhỏ xíu luôn, mà nó còn dở nữa 🤡 giá menu trung bình cũng cao, cơm bình thường maà giao động 40k trở lên
không nên ăn nha mọi người …"
"Quán Ăn Gia Đình Trường Thanh Quán - Cơm Chiên, Mì Xào",Khánh Băng Huỳnh Thị,5 sao,7 tháng trước,Quán ruột của mình ạ! Đồ ăn siêu ngon 🥰🥰 nhân viên siêu thân thiện dễ thương nhiệt tình 💞 …
"Quán Ăn Gia Đình Trường Thanh Quán - Cơm Chiên, Mì Xào",Hoàng Nguyễn,4 sao,3 tháng trước,"Anh chủ nhiệt tình phục vụ chu đáo
Món mì xào cay singapore ăn hơi kỳ
Mì xào ăn đc …"
"Quán Ăn Gia Đình Trường Thanh Quán - Cơm Chiên, Mì Xào",trọng nghĩa trần,5 sao,6 tháng trước,"ngon, nhiều đồ ăn, mà giá phải chăng"
"Quán Ăn Gia Đình Trường Thanh Quán - Cơm Chiên, Mì Xào",Vũ Anh Ái,5 sao,7 tháng trước,Ấu mai gótt😱ta nói quán này nấu siuu ngon luônn …
"Quán Ăn Gia Đình Trường Thanh Quán - Cơm Chiên, Mì Xào",Phước Tài,5 sao,7 tháng trước,"Quán số 1 việt nam , nhân viên chiều khách và cute"
"Quán Ăn Gia Đình Trường Thanh Quán - Cơm Chiên, Mì Xào",Huy Hoàng Nguyễn,5 sao,2 năm trước,"Quán ăn ngon, các bạn nhân viên rất nhiệt tình, nhanh nhẹn và thân thiện.
Quán chuyên các món chiên xào, cơm gà xối mỡ, cơm phần,
Mình hay ăn ở đây, rất hợp khẩu vị. 10 điểm 😁. …"
"Quán Ăn Gia Đình Trường Thanh Quán - Cơm Chiên, Mì Xào",Khải Võ,1 sao,3 năm trước,"Trải nghiệm vô cùng không hài lòng, canh cải toàn mùi bọt ngọt, nhưng có thể cho qua, nhưng mình có gọi món cơm chiên dương châu 35k và đây là số lượng topping mình nhận được: 11 hạt đậu hà lan, 3 miếng cắt lạp xưởng, 3 miếng cắt chả, 3 miếng cắt cà rốt, 2 miếng thịt nhỏ, 7 hạt bắp."
"Quán Ăn Gia Đình Trường Thanh Quán - Cơm Chiên, Mì Xào",Anh Khoa,1 sao,2 năm trước,"Quán mình thường hay ăn, nhưng đang ăn cơm rất bình thường cho tới khi chén canh mình ăn gần hết thì có “RUỒI” :))
Mình có kêu bạn nhân viên tính tiền xong bảo là trong chén canh có ruồi nhưng …"
"Quán Ăn Gia Đình Trường Thanh Quán - Cơm Chiên, Mì Xào",Nelyubin Vitaly,1 sao,một tháng trước,the beef was very tough. we asked to replace the dish. the other dish was carried for a very long time. The waitress was very rude and unfriendly. I tried to be kind and understanding.
"Quán Ăn Gia Đình Trường Thanh Quán - Cơm Chiên, Mì Xào",Nga Nguyen,5 sao,một năm trước,"Thực đơn phong phú với nhiều món ăn ngon miệng và trình bày đẹp mắt. Chất lượng món ăn rất tốt, đáp ứng được khẩu vị"
"Quán Ăn Gia Đình Trường Thanh Quán - Cơm Chiên, Mì Xào",Hồng Trần,5 sao,7 tháng trước,"oke nha, đồ ăn ngon, giá hợp lý"
"Quán Ăn Gia Đình Trường Thanh Quán - Cơm Chiên, Mì Xào",Nguyen Jack,5 sao,một năm trước,quán này ngon mà nhỉ. giá cũng hợp lí.
"Quán Ăn Gia Đình Trường Thanh Quán - Cơm Chiên, Mì Xào",thanhsang ng,5 sao,7 tháng trước,"đồ ăn siu ngon , tuyệt voi lam nha mn , nv đều oke mn co thể toi thử minh la ng kén ăn nhma ăn quán thì thấy ok"
"Quán Ăn Gia Đình Trường Thanh Quán - Cơm Chiên, Mì Xào",anh cao,5 sao,7 tháng trước,"Quán ăn ngon , nhân viên nhiệt tình"
"Quán Ăn Gia Đình Trường Thanh Quán - Cơm Chiên, Mì Xào",Duy Ngọc Phạm,5 sao,8 tháng trước,Quán ăn ngon sạch sẽ nhân viên nhiệt tình
"Quán Ăn Gia Đình Trường Thanh Quán - Cơm Chiên, Mì Xào",Tài Nguyễn,5 sao,8 tháng trước,"Quán đáng để trải nghiệm món ăn ngon giá cả hợp lý. Menu đa dạng, các món ăn truyền thống gia đình được chế biến đậm đà không quá mặn . Không gian quán rộng sạch sẽ và thoải mái. Đặc biệt làm đồ ăn nhanh tầm 5-10p là có . …"
"Quán Ăn Gia Đình Trường Thanh Quán - Cơm Chiên, Mì Xào",Phạm Minh Đức,5 sao,6 tháng trước,"nhìn cái dĩa là hiểu nha mn, cho 5 sao vì ngon"
"Quán Ăn Gia Đình Trường Thanh Quán - Cơm Chiên, Mì Xào",Bảo Phạm,5 sao,6 tháng trước,"quán ngon , không gian rộng 5 sao"
"Quán Ăn Gia Đình Trường Thanh Quán - Cơm Chiên, Mì Xào",03 Bình,5 sao,6 tháng trước,Dồ ăn ngon nhân viên nhiệt tình
"Quán Ăn Gia Đình Trường Thanh Quán - Cơm Chiên, Mì Xào",Thuy Huynh,5 sao,8 tháng trước,"Cơm ngon không khô vừa ăn sạch sẽ , bé kiều vui vẻ"
"Quán Ăn Gia Đình Trường Thanh Quán - Cơm Chiên, Mì Xào",Phi Huỳnh,5 sao,8 tháng trước,Đồ ăn ngon nhân viên vui vẻ
"Quán Ăn Gia Đình Trường Thanh Quán - Cơm Chiên, Mì Xào",Bảo Yến,5 sao,8 tháng trước,"Thức ăn ngon, nhân viên dễ thương"
"Quán Ăn Gia Đình Trường Thanh Quán - Cơm Chiên, Mì Xào",Việt Nguyễn,5 sao,8 tháng trước,"Quán bán cơm ngon, giá cả hợp lý"
"Quán Ăn Gia Đình Trường Thanh Quán - Cơm Chiên, Mì Xào",Hoàng Hương,5 sao,7 tháng trước,"nhân việt nhiệt tình dth, cơm canh ngon giá phù hợp, đồ ăn món nào cũng vừa miệng, 100 điểm"
"Quán Ăn Gia Đình Trường Thanh Quán - Cơm Chiên, Mì Xào",Võ Minh Thư,5 sao,7 tháng trước,Đồ ăn ở đây ngon hợp khẩu vị
"Quán Ăn Gia Đình Trường Thanh Quán - Cơm Chiên, Mì Xào",Pham Linh,5 sao,7 tháng trước,"Đồ ăn ngon, nhân viên dễ thương nhiệt tình"
"Quán Ăn Gia Đình Trường Thanh Quán - Cơm Chiên, Mì Xào",Hiền Vũ,5 sao,7 tháng trước,đồ ăn ngon nvien dth
"Quán Ăn Gia Đình Trường Thanh Quán - Cơm Chiên, Mì Xào",Nguyễn Đạt Thành,1 sao,10 tháng trước,Nhân viên thu ngân có thái độ với khách hàng. Đã là khách quen quán nhưng nhân viên thu ngân làm việc thiếu chuyên nghiệp đuổi khách.
"Quán Ăn Gia Đình Trường Thanh Quán - Cơm Chiên, Mì Xào",nhat le,1 sao,một năm trước,"Quán lớn bán cơm với giá từ 40k trở lên mà đồ ăn thì được 5 miếng thịt mỏng lét, quá thất vọng về quán, còn không có cả canh được 2 lát dưa leo, có 0 sao mình cũng vote"
"Quán Ăn Gia Đình Trường Thanh Quán - Cơm Chiên, Mì Xào",Nghĩa Phạm,5 sao,7 tháng trước,Ngon!! ngon mọi người ơi
"Quán Ăn Gia Đình Trường Thanh Quán - Cơm Chiên, Mì Xào",Son Le,5 sao,7 tháng trước,"Ngon lắm , ghé ăn hoài"
"Quán Ăn Gia Đình Trường Thanh Quán - Cơm Chiên, Mì Xào",Tâm La,1 sao,một năm trước,"Chiều nay mới ghé ăn với bạn. Hai người kêu 2 đĩa cơm gà: Gà chiên mắm tỏi và Gà sốt tiêu đen, cả hai đều kêu đùi gà nhỏ. Đầu tiên NV bưng ra đĩa cơm gà chiên mắm tỏi, nói là quán lỡ làm Phần gà góc tư, kêu thông cảm giùm… mình còn hỏi đùa …"
Haidilao Vincom Phan Văn Trị,Hồng Xuân La,5 sao,một tuần trước,"Thức ăn tươi ngon, các bạn nhân viên nhiệt tình dễ thương. Phục vụ và chăm sóc đánh giá 5 sao!!
Mình sẽ quay lại Hadilao Vincom Quang Trung nhiều lần nữa! 🥰🥰 …"
Haidilao Vincom Phan Văn Trị,Tibo Nacci,5 sao,một tháng trước,"Đồ ăn ngon
Bạn nhân viên Tuyết Nhi rất nhiệt tình vui vẻ …"
Haidilao Vincom Phan Văn Trị,Thảo Phương,5 sao,một tuần trước,"1000000 điểm
Ko chỉ ngon mà trải nghiệm ăn uống cũng rất đã: phục vụ tận tình, chu đáo, cảm giác được chăm sóc từ lúc vào đến lúc về. Đặc biệt bạn NV Minh Trâm nhoaaaaaaa"
Haidilao Vincom Phan Văn Trị,Giúc Pha,5 sao,một tháng trước,"trưa t7 khá đông phải chờ 10p, quán mở nhạc rất to nên ảnh hưởng giao tiếp của tụi mình, hơi ồn, lần đầu đi ăn cảm thấy hơi ngột ngạt và đông đúc 😢😢😢😢
bò 2dilao ngon, tôm phủy thúy ngon, takecare tạm ổn, nv dễ thương, nhưng có lẽ vị tứ xuyên k hợp gu mình rồi …"
Haidilao Vincom Phan Văn Trị,Ánh Phan,5 sao,4 tháng trước,"Không gian sạch sẽ, hiện đại, nhân viên phục vụ siêu nhiệt tình. Nước lẩu đa dạng, đồ ăn tươi ngon, nhiều dịch vụ tiện ích đi kèm nên trải nghiệm rất đáng giá. Giá hơi cao một chút và cuối tuần thường đông, nhưng tổng thể rất hài lòng"
Haidilao Vincom Phan Văn Trị,K Deburg,5 sao,3 tuần trước,"Đồ ăn rất ngon, không gian vui vẻ rộng rãi có kem miễn phí. Lần sau mình sẽ dẫn gia đình quay lại ăn tiếp 😘!!! …"
Haidilao Vincom Phan Văn Trị,11. Vũ Ngọc Bảo Khanh,5 sao,2 tuần trước,"Mình ghé ăn với gia đình, không gian phù hợp dễ thương, nhân viên takecare cực nhiệt tình luôn, hadilao PVT rất okela lunn"
Haidilao Vincom Phan Văn Trị,Nguyen An,5 sao,3 tuần trước,"Đồ ăn vẫn tươi ngon như bình thường mình ăn, bạn Gia Phúc take care mọi thứ khá tốt, chỉ có hôm nay bàn bên rất ồn ào nên không khí không được thoải mái lắm!"
Haidilao Vincom Phan Văn Trị,Yunkirito Chan,5 sao,3 tháng trước,"Gửi xe trong Vincom luôn mình gửi chưa tới 3 tiếng gửi xe hết 4k/1x máy, oto không rõ.
Mọi người chụp cột đánh dấu nơi để xe. Bấm thang máy lên lầu 1. …"
Haidilao Vincom Phan Văn Trị,Thuỳ Trâm,5 sao,một tuần trước,"Ngon hợp vị
Phục vụ tốt
Đã đi nhiều lần cùng gia đình
Sẽ quay lại"
Haidilao Vincom Phan Văn Trị,Nguyễn Thái Thanh Sơn,5 sao,3 tháng trước,"Nay cả nhà đón sinh nhật ở HDL Phan Văn Trị các bạn nhân viên phục vụ nhiệt tình , vui vẻ, nhất là bạn Hoà take care khách tốt. Dịch vụ 100 điểm. Sẽ quay lại vào nhiều dịp khác"
Haidilao Vincom Phan Văn Trị,Dang Hoang Nam Official,5 sao,Thời gian chỉnh sửa: 5 tháng trước,"Dịch vụ rất tốt, nhân viên luôn thân thiện nhiệt tình.
Lấy số thứ tự và đợi tới lượt.
Các món ăn đa dạng, nước lẩu nhiều vị , ngon, chất lượng. …"
Haidilao Vincom Phan Văn Trị,Hieu Minh,5 sao,4 ngày trước,"Nhân viên nhiệt tình, dễ thương, bạn Tuyết Nhi phục vụ rất tận tâm, tư vấn đồ ăn ngon."
Haidilao Vincom Phan Văn Trị,Tuấn Minh,5 sao,5 tháng trước,"Nghe nhiều về hadilao từ món ăn, dịch vụ cho đến các trải nghiệm thêm. Thì đến hôm nay mình mới được trải nghiệm. …"
Haidilao Vincom Phan Văn Trị,Julia Hồ,5 sao,một tuần trước,"Đồ ăn tươi ngon, phục vụ dễ thương, tận tình chu đáo, còn được tặng panacotta"
Haidilao Vincom Phan Văn Trị,Nguyễn Hồng Tâm,5 sao,một tháng trước,"Hôm nay tụi mình ghé Hadilao tại Vincom Phan Văn Trị. Không gian rất sạch sẽ, nhân viên rất nhiệt tình. Trải nghiệm rất tốt. …"
Haidilao Vincom Phan Văn Trị,Hương Lê,5 sao,6 tháng trước,"•	Đồ ăn ngon, tươi và được lên món rất nhanh.
•	Không gian sạch sẽ, thoải mái.
•	Dịch vụ tốt, nhân viên thân thiện. Có hỗ trợ tổ chức sinh nhật vui vẻ, chu …"
Haidilao Vincom Phan Văn Trị,Nhật Trần,5 sao,một tháng trước,"Nhân viên rất chu đáo và quan tâm.
Đồ ăn thì tương tự các chi nhanh khác, khá ngon và hợp khẩu vị.
Trải nghiệm thật sự rất tốt và dễ thương, sẽ quay lại khi có cơ hội."
Haidilao Vincom Phan Văn Trị,Tran My,5 sao,2 tuần trước,Haidilao luôn tinh tế và đồ ăn vẫn ngon như vậy. Đi ăn có quà mang về. Mãi vote 😘 …
Haidilao Vincom Phan Văn Trị,Kim Thiên,5 sao,3 tháng trước,"Chi nhánh đi nhiều nhất trong các CN của NH. Trước khi đi mình hay đặt bàn trước. Đồ ăn ngon, a/c phục vụ nhiệt tình, dễ thương, chiều khách 🫶🏻🫶🏻🫶🏻🫶🏻 …"
Haidilao Vincom Phan Văn Trị,Thu Đào,5 sao,một tháng trước,Hôm nay ăn sinh nhật chị mình nên chị rủ ăn ở đây. Nhân viên Huy Hoàng dễ thương nhiệt tình còn hát chúc mừng sinh nhật và chuẩn bị 1 phần bánh nhỏ xinh nữa. Quá là đáng iu
Haidilao Vincom Phan Văn Trị,Khánh Ly Nguyễn Thị,5 sao,một tháng trước,"Đồ ăn ngon, phục vụ nhiệt tình, còn được tặng trà sữa và nhiều quà tặng mang về"
Haidilao Vincom Phan Văn Trị,Thị Thương Trần,5 sao,4 tháng trước,"Đồ ăn ngon, không khí phù hợp với đi nhóm bạn, gia đình. Đặc biệt là bất ngờ với dịch vụ của Hadilao, nhân viên phục vụ rất nhiệt tình, bạn mình bị đau chân, nhà hàng tâm lý tặng ngay phần quà kèm lời chúc rất kute 😝Cảm ơn Hadilao đã cho nhóm mình 1 buổi sinh nhật nhiều ý nghĩa 🥰 …"
Haidilao Vincom Phan Văn Trị,Tim Kim,5 sao,một tháng trước,"10 điểm, làm móng in ảnh ăn ngon được tặng trái cây và luôn hỏi khách cần gì. Rất chu đáo . <3"
Haidilao Vincom Phan Văn Trị,Trâm Nguyễn,5 sao,3 tháng trước,"Đồ ăn ngon, mặc dù ngày lễ đông xỉu nhưng các bạn phục vụ rất dễ thương nhiệt tình. Lễ trung thu nên được tặng cả bánh 😋 Hôm nay có bạn Nhi phục vụ bàn tụi mình cũng siu dễ thươnggg 😍 100 saooo …"
Haidilao Vincom Phan Văn Trị,Nguyễn Hoàng Anh Ly,5 sao,2 tuần trước,"Nhân viên nhiệt tình dễ thương, cả nhà mình đã có kỉ niệm đáng nhớ tại đây."
Haidilao Vincom Phan Văn Trị,Grand Park,5 sao,một tuần trước,CN này phục vụ siêu đỉnh nóc kịch trần ♥️
Haidilao Vincom Phan Văn Trị,Hanh Nhung Nguyen,5 sao,4 tháng trước,"The food was good. There was a free nail service but because I came late, around 7 p.m, and they closed around 8.30 p.m, so I didn't have enough time to do it. I received a ticket to come on another day.
Children will receive some gifts."
Haidilao Vincom Phan Văn Trị,Hazel,5 sao,một tuần trước,"đồ ăn ngon, chất lượng dịch vụ luôn được đảm bảo ở mức tốt"
Haidilao Vincom Phan Văn Trị,huy Nguyễn,5 sao,một tháng trước,"Không gian thoải mái, đồ ăn ngon, nhân viên cũng  dễ thương, anh Thắng trực bàn của mình rất nhiệt tình, 10đ."
Haidilao Vincom Phan Văn Trị,Ý Vy Nguyễn,5 sao,3 tuần trước,Nv NGUYỄN NGỌC XUÂN NHI mãi đỉnh. Phục vụ tới công chuyện luôn. Và anh NGUYỄN TẤN QUỲNH chăm sóc khách hàng mà k nỡ rời đi
Haidilao Vincom Phan Văn Trị,Thuydiem Le,5 sao,3 tuần trước,"nhân viên nhiệt tình, dễ thương, đồ ăn ngon, đi ăn còn có quà mang về"
Haidilao Vincom Phan Văn Trị,Như Ý Nguyễn Thị,5 sao,3 tuần trước,"Đồ ăn và nhân viên thì khỏi bàn rồi ạ, quá nhiệt tình dễ thương và ngonnnn"
Haidilao Vincom Phan Văn Trị,Thao Bui,5 sao,3 tuần trước,"Đã lâu quay lại vẫn cách phục vụ như cũ, nhân viên nhiệt tình, thức ăn lên nhanh!"
Haidilao Vincom Phan Văn Trị,Xuân Huy,5 sao,3 tháng trước,"Đồ ăn ngon, thịt bò tươi, lên món nhanh, nhân viên thân thiện. Gđ mình thường tới haidilao này để ăn. Bạn nv Hoàng đeo mắt kính phục vụ dễ thương, nhiệt tình"
Haidilao Vincom Phan Văn Trị,Linh Nguyễn,5 sao,3 tháng trước,"Dịch vụ chăm sóc tốt , bạn Hoà và các bạn nhân viên ở đây vui vẻ và rất nhiệt tình với khách . Lần sau mình và gđ sẽ quay lại đây tiếp"
Haidilao Vincom Phan Văn Trị,Thanh Yến Nguyễn,5 sao,5 tháng trước,"Hôm nay mình thử gói buffet Cửu Cung – ăn bao no, nước lẩu đa dạng mà topping siêu tươi. Phục vụ thì khỏi bàn, nhân viên dễ thương hết nấc.
Được mấy bạn tặng thêm 2 ly nước nữa, uống no căng bụng 🤣🤣 đáng yêu xỉu luôn 🥰. …"
Haidilao Vincom Phan Văn Trị,tra nguyen,5 sao,một tháng trước,"Nhân viên hỗ trợ nhiệt tình, lên món nhanh, mình đi trúng dịp lễ nên hơi đôngg"
Haidilao Vincom Phan Văn Trị,Nam Phương Nguyễn Hoàng,5 sao,Thời gian chỉnh sửa: 6 tháng trước,"⸻

📍 Hadilao Phan Văn Trị …"
Haidilao Vincom Phan Văn Trị,Laura,5 sao,7 tháng trước,"Điểm nổi bật là nhân viên rất nhiệt tình và lịch sự với khách hàng.
Không gian quán vô cùng ấm cúng phù hợp với các gia đình và cặp đôi hẹn hò ăn uống. …"
Haidilao Vincom Phan Văn Trị,Gia Khánh Nguyễn,5 sao,3 tuần trước,"Món ăn ngon, không gian ok, em Duy nhân viên dễ thương nhiệt tình hỗ trợ nhà mình lắm"
Haidilao Vincom Phan Văn Trị,Hang Thuy,5 sao,4 tháng trước,"Một trải nghiệm vui vẻ và hài lòng ở chi nhánh Phan Văn Trị. Nhân viên dễ thương, nhiệt tình, và lên món cũng nhanh nữa."
Haidilao Vincom Phan Văn Trị,Ngân Nguyễn,5 sao,2 tháng trước,"⭐️⭐️⭐️⭐️⭐️ Haidilao Phan Văn Trị – phục vụ đỉnh, đồ ăn tươi, trải nghiệm “đáng tiền” …"
Haidilao Vincom Phan Văn Trị,Kim Ngân,5 sao,một tháng trước,Mọi thứ tuyệt vời chỉ trừ khu ghế ngồi bên chi nhánh này không rộng bằng các chi nhánh khác mình hay đi. Phục vụ vẫn đỉnh nhất là chị Tuyết Nhi ạ
Haidilao Vincom Phan Văn Trị,Sơn Tùng,5 sao,một tháng trước,"Nhân viên Duy dth quá ạ, nhiệt tình take care quá chừng, món ăn ngon"
Haidilao Vincom Phan Văn Trị,boo huy,5 sao,5 tháng trước,Ko có gì để bàn về Haidilao nữa vì từ phục vụ đến đồ ăn đều rất chuẩn chỉnh và ngon
Haidilao Vincom Phan Văn Trị,Duy Nguyen,5 sao,3 tháng trước,"Phục vụ 5 sao
Cảm ơn bạn Tuyết Nhi và các bạn nhân viên của Nhà Hàng đã rất nhiệt tình hỗ trợ gia đình mình. Món ăn tươi ngon, đa dạng và hợp khẩu vị"
Haidilao Vincom Phan Văn Trị,Vân Trương Ngọc Khánh,5 sao,một tháng trước,Đi ăn Haidilao nhưng được bạn Thanh Thuỷ ở khu vực Nail làm cho quả nail giáng sinh phá cách xinh cực. Đã quá Haidilao oi đề nghị shout out tăng lương nhé
Haidilao Vincom Phan Văn Trị,Loan Huỳnh,5 sao,4 tháng trước,"Nhân viên 10đ, mình thật sự thích sự chu đáo và tận tâm của các bạn tại hadilao. Thức ăn 8đ, nhân viên 10đ"
Haidilao Vincom Phan Văn Trị,Ngọc Nguyễn,5 sao,6 tháng trước,Quán rộng rãi phục vụ tốt nhân viên dễ thương được tặng quà và nhiều chương trình
"Tiệm Hương Chè - 737 Phan Văn Trị, P1, Gò Vấp, HCM",Tuyen Lam,5 sao,4 tuần trước,"Đi ngang tiệm này đã lâu hôm nay mình ghé ăn thử

Mình gọi chè bơ sầu riêng và chè thập cẩm, cả hai đều có điểm mạnh riêng. …"
"Tiệm Hương Chè - 737 Phan Văn Trị, P1, Gò Vấp, HCM",miscellaneous,5 sao,3 tuần trước,"Đây đã là lần thứ 3 mình quay lại đây rồi!

Menu ở đây cực kỳ đa dạng, nhiều loại chè lạ miệng mà món nào cũng được nấu rất …"
"Tiệm Hương Chè - 737 Phan Văn Trị, P1, Gò Vấp, HCM",Lê Thị Minh Anh,5 sao,2 tháng trước,"Mình mua chè bơ vs chè thái, ăn ngon lắm. Chè ngọt vừa k bị gắt, trông sạch sẽ oke nha. Chè bơ thơm béo vừa ăn lắm. Còn thái thì mình thấy cái bánh lọt hnhu xài bột năng nên bị dai á, k giống bánh lọt lắm. …"
"Tiệm Hương Chè - 737 Phan Văn Trị, P1, Gò Vấp, HCM",Mi Phan,5 sao,4 tuần trước,Came across Huong Che by chance while craving something sweet. The staff was super friendly and helped me choose in English. They customized the toppings just how I wanted — and it tasted amazing!
"Tiệm Hương Chè - 737 Phan Văn Trị, P1, Gò Vấp, HCM",Lê Quỳnh,5 sao,một tháng trước,"Chè ăn rất ngon, thơm, béo, không bị quá ngọt, ăn đáng tiền lắm luôn"
"Tiệm Hương Chè - 737 Phan Văn Trị, P1, Gò Vấp, HCM",Hà My,5 sao,3 tháng trước,"Chè ngon lắm luôn, mình đi vào 20/10 nên quán có ctrinh tặng 1 bánh flan, dth dth"
"Tiệm Hương Chè - 737 Phan Văn Trị, P1, Gò Vấp, HCM",Mai Thành Nguyên,5 sao,2 tháng trước,"10 điểm không nhưng nheee, ngon lắm luôn nha, ăn là nhớ mãi."
"Tiệm Hương Chè - 737 Phan Văn Trị, P1, Gò Vấp, HCM",My Huynh,5 sao,3 tuần trước,"quán ngon xĩu hợp gu tớ với nhỏ bạn lắm, c chủ vs staff dth cực, rate 5 sao luôn🧏🏻‍♀️ …"
"Tiệm Hương Chè - 737 Phan Văn Trị, P1, Gò Vấp, HCM",Jane Nguyen,5 sao,3 tháng trước,"Chè Thái thập cam sầu riêng ngon tuyệt mọi người ơi. Độ ngọt vừa. Trái cây tươi. Từng chi tiết rất chỉnh chu. Cô chủ làm rất sạch sẽ. Quán mới mở. Nên đến ăn ủng hộ, mọi người sẽ không thất vọng."
"Tiệm Hương Chè - 737 Phan Văn Trị, P1, Gò Vấp, HCM",THUYỀN VIỆT,5 sao,2 tuần trước,Chất lượng chè thuộc hạng đỉnh của chóp. Rất đáng để trải nghiệm!
"Tiệm Hương Chè - 737 Phan Văn Trị, P1, Gò Vấp, HCM",binh nguyen,5 sao,3 tháng trước,"Quán chè ngon, ít đường hợp với mình, mà có vẻ quán mới mở nên còn hơi vắng"
"Tiệm Hương Chè - 737 Phan Văn Trị, P1, Gò Vấp, HCM",Trinh Do,5 sao,8 tháng trước,"Menu đa dạng các loại chè, trà giả nhiệt, vị chè ngon, chủ quán và nhân viên nhiệt tình..."
"Tiệm Hương Chè - 737 Phan Văn Trị, P1, Gò Vấp, HCM",Vo Nykee,5 sao,2 tháng trước,"Chè ko ngọt . Quá ngon
Really friendly staffs , delicious foods and not too sweet . High recommend"
"Tiệm Hương Chè - 737 Phan Văn Trị, P1, Gò Vấp, HCM",Tran Ha Phuong Dang,5 sao,8 tháng trước,"Quán chè quen thuộc mỗi khi muốn ăn ngọt mát mà không lo về giá. Chè ở đây rất đa dạng, từ chè truyền thống đến chè hiện đại ... Topping nhiều, ăn rất đã miệng, nước cốt dừa thơm béo mà không ngấy. Không gian tuy nhỏ nhưng sạch sẽ, ngồi thoải mái. Cô chủ thân thiện, lên món nhanh, giá chỉ từ 30k. Rất đáng để ghé thử nếu bạn ở Gò Vấp!"
"Tiệm Hương Chè - 737 Phan Văn Trị, P1, Gò Vấp, HCM",Thư Trần,5 sao,7 tháng trước,"Rất ngon, chè ko quá ngọt, sầu chất lượng"
"Tiệm Hương Chè - 737 Phan Văn Trị, P1, Gò Vấp, HCM",Bảo Ngân,5 sao,một tháng trước,"Chè ngon lắm ạ, không bị quá ngọt."
"Tiệm Hương Chè - 737 Phan Văn Trị, P1, Gò Vấp, HCM",Huy Tran,5 sao,một tháng trước,"Ngon, sạch sẽ, sẽ đến lần sau"
"Tiệm Hương Chè - 737 Phan Văn Trị, P1, Gò Vấp, HCM",Linh Thân Thị Diễm,5 sao,7 tháng trước,"Chè ăn ngon không quá ngọt, sẽ ghé thêm nhiều lần"
"Tiệm Hương Chè - 737 Phan Văn Trị, P1, Gò Vấp, HCM",Thanh Ngân Nguyễn Ngọc,5 sao,2 tháng trước,"quá ngon hẹ hẹ, chị chủ dễ thươngg"
"Tiệm Hương Chè - 737 Phan Văn Trị, P1, Gò Vấp, HCM",Hằng Thân thị thúy,5 sao,7 tháng trước,Quán này ăn ngon nha
"Tiệm Hương Chè - 737 Phan Văn Trị, P1, Gò Vấp, HCM",REVIT MÔI TRƯỜNG,5 sao,2 tháng trước,Chè quá ngon
"Tiệm Hương Chè - 737 Phan Văn Trị, P1, Gò Vấp, HCM",Trang Nhung Nguyen,5 sao,1 ngày trước,"Chè siêu ngon, không ngọt, rất thanh, mọi nguyên liệu đều thơm mùi tươi mới. Mỗi tội hơi xa, mỗi lần đi ngang sẽ đều ăn, nhất định."
"Tiệm Hương Chè - 737 Phan Văn Trị, P1, Gò Vấp, HCM",Bùi Trúc Hạ,5 sao,2 ngày trước,Tiệm chè ngon nhất mà mình từng ăn ở tphcm. Chủ tiệm dễ thương vô cùng. My favorite Sau Thai sweet dessert🥹. …
"Tiệm Hương Chè - 737 Phan Văn Trị, P1, Gò Vấp, HCM",Susie Manthey,5 sao,2 tuần trước,
"Tiệm Hương Chè - 737 Phan Văn Trị, P1, Gò Vấp, HCM",Andreas Gehrig,5 sao,4 tuần trước,
"Tiệm Hương Chè - 737 Phan Văn Trị, P1, Gò Vấp, HCM",Thư Minh,5 sao,2 tháng trước,
